Date,US_ibbotson_large_cap,US_sp500_total_return,US,US_source,EXUS_msci_world_ex_usa,EXUS_msci_acwi_ex_usa,EXUS_live_acwx_etf,EXUS,EXUS_source,BOND_ibbotson_40treas_60corp,BOND_barclays_us_agg,BOND_agg_etf,BOND,BOND_source,TBILL_csv_published_not_used,TBILL,TBILL_source
1969-12-31,42.579458,,42.579000,US-1,7.213962,,,7.214000,EXUS-1,,,,62.994000,BOND-1,2.240029,2.239000,TBILL-1
1970-01-31,39.413949,,39.414000,US-1,7.062757,,,7.063000,EXUS-1,63.566034,,,63.632000,BOND-1,2.253035,2.252434,TBILL-1
1970-02-28,41.611018,,41.611000,US-1,6.975108,,,6.975000,EXUS-1,66.205520,,,66.266000,BOND-1,2.267042,2.266399,TBILL-1
1970-03-31,41.792512,,41.793000,US-1,6.974386,,,6.974000,EXUS-1,66.265076,,,66.295000,BOND-1,2.280048,2.279318,TBILL-1
1970-04-30,38.137111,,38.137000,US-1,6.245704,,,6.246000,EXUS-1,64.723350,,,64.744000,BOND-1,2.292053,2.290714,TBILL-1
1970-05-31,35.933662,,35.934000,US-1,5.788050,,,5.788000,EXUS-1,64.371442,,,64.337000,BOND-1,2.304059,2.302855,TBILL-1
1970-06-30,34.257680,,34.258000,US-1,5.853697,,,5.854000,EXUS-1,64.533105,,,64.490000,BOND-1,2.317065,2.316211,TBILL-1
1970-07-31,36.890759,,36.891000,US-1,6.087502,,,6.088000,EXUS-1,67.080544,,,67.095000,BOND-1,2.329070,2.328256,TBILL-1
1970-08-31,38.653944,,38.654000,US-1,6.209779,,,6.210000,EXUS-1,67.789630,,,67.800000,BOND-1,2.342076,2.340596,TBILL-1
1970-09-30,40.052723,,40.053000,US-1,6.404411,,,6.404000,EXUS-1,68.891307,,,68.890000,BOND-1,2.354082,2.353235,TBILL-1
1970-10-31,39.719511,,39.720000,US-1,6.233512,,,6.234000,EXUS-1,68.751969,,,68.711000,BOND-1,2.365087,2.364060,TBILL-1
1970-11-30,41.727996,,41.728000,US-1,6.026905,,,6.027000,EXUS-1,72.404891,,,72.386000,BOND-1,2.376092,2.374934,TBILL-1
1970-12-31,44.221410,,44.221000,US-1,6.246498,,,6.247000,EXUS-1,74.170430,,,74.216000,BOND-1,2.386097,2.384909,TBILL-1
1971-01-31,46.132059,,46.132000,US-1,6.543569,,,6.544000,EXUS-1,77.043834,,,77.188000,BOND-1,2.395101,2.393972,TBILL-1
1971-02-28,46.670869,,46.671000,US-1,6.627828,,,6.628000,EXUS-1,76.039981,,,75.982000,BOND-1,2.403104,2.401872,TBILL-1
1971-03-31,48.508494,,48.508000,US-1,6.972078,,,6.972000,EXUS-1,77.783682,,,77.741000,BOND-1,2.410108,2.409077,TBILL-1
1971-04-30,50.394329,,50.394000,US-1,7.127899,,,7.128000,EXUS-1,75.662624,,,75.644000,BOND-1,2.417111,2.415823,TBILL-1
1971-05-31,48.426255,,48.426000,US-1,7.189940,,,7.190000,EXUS-1,74.968634,,,74.906000,BOND-1,2.424114,2.422829,TBILL-1
1971-06-30,48.586480,,48.586000,US-1,7.320152,,,7.320000,EXUS-1,74.889322,,,74.893000,BOND-1,2.433118,2.431793,TBILL-1
1971-07-31,46.705608,,46.706000,US-1,7.510961,,,7.511000,EXUS-1,74.848635,,,74.837000,BOND-1,2.443123,2.441520,TBILL-1
1971-08-31,48.518420,,48.518000,US-1,7.399144,,,7.399000,EXUS-1,78.385033,,,78.427000,BOND-1,2.454128,2.452996,TBILL-1
1971-09-30,48.302896,,48.303000,US-1,7.384284,,,7.384000,EXUS-1,77.989256,,,77.992000,BOND-1,2.463132,2.462072,TBILL-1
1971-10-31,46.412098,,46.412000,US-1,7.085049,,,7.085000,EXUS-1,80.000341,,,80.021000,BOND-1,2.472136,2.471181,TBILL-1
1971-11-30,46.421315,,46.421000,US-1,7.219878,,,7.220000,EXUS-1,80.303304,,,80.317000,BOND-1,2.481140,2.480325,TBILL-1
1971-12-31,50.545338,,50.545000,US-1,8.326499,,,8.327000,EXUS-1,81.728574,,,81.777000,BOND-1,2.491145,2.489502,TBILL-1
1972-01-31,51.585383,,51.585000,US-1,8.940768,,,8.941000,EXUS-1,81.911446,,,81.913000,BOND-1,2.498148,2.496721,TBILL-1
1972-02-29,53.014647,,53.015000,US-1,9.492781,,,9.493000,EXUS-1,82.477916,,,82.508000,BOND-1,2.504151,2.502963,TBILL-1
1972-03-31,53.452785,,53.453000,US-1,9.596662,,,9.597000,EXUS-1,82.647353,,,82.681000,BOND-1,2.511154,2.509721,TBILL-1
1972-04-30,53.816482,,53.816000,US-1,9.972148,,,9.972000,EXUS-1,82.864432,,,82.905000,BOND-1,2.518157,2.516999,TBILL-1
1972-05-31,54.876378,,54.876000,US-1,10.658485,,,10.658000,EXUS-1,83.735515,,,83.825000,BOND-1,2.526161,2.524550,TBILL-1
1972-06-30,53.808683,,53.809000,US-1,10.302115,,,10.302000,EXUS-1,83.545179,,,83.595000,BOND-1,2.533164,2.531872,TBILL-1
1972-07-31,54.065327,,54.065000,US-1,10.952165,,,10.952000,EXUS-1,83.741888,,,83.796000,BOND-1,2.541168,2.539720,TBILL-1
1972-08-31,56.058924,,56.059000,US-1,11.091827,,,11.092000,EXUS-1,84.157452,,,84.232000,BOND-1,2.548171,2.547086,TBILL-1
1972-09-30,55.917132,,55.917000,US-1,10.564198,,,10.564000,EXUS-1,84.363064,,,84.443000,BOND-1,2.557175,2.555746,TBILL-1
1972-10-31,56.580010,,56.580000,US-1,10.553161,,,10.553000,EXUS-1,84.923298,,,85.035000,BOND-1,2.567180,2.565969,TBILL-1
1972-11-30,59.303127,,59.303000,US-1,11.432615,,,11.433000,EXUS-1,86.338519,,,86.531000,BOND-1,2.576184,2.575463,TBILL-1
1972-12-31,60.146790,,60.147000,US-1,11.687412,,,11.687000,EXUS-1,86.987245,,,87.097000,BOND-1,2.586188,2.584992,TBILL-1
1973-01-31,59.249955,,59.250000,US-1,12.224997,,,12.225000,EXUS-1,86.684382,,,86.775000,BOND-1,2.597194,2.596366,TBILL-1
1973-02-28,57.161357,,57.161000,US-1,13.484482,,,13.484000,EXUS-1,86.539556,,,86.668000,BOND-1,2.608199,2.607271,TBILL-1
1973-03-31,57.207440,,57.207000,US-1,13.790426,,,13.790000,EXUS-1,86.936253,,,87.064000,BOND-1,2.620204,2.619264,TBILL-1
1973-04-30,55.016752,,55.017000,US-1,12.854054,,,12.854000,EXUS-1,87.473093,,,87.601000,BOND-1,2.634211,2.632884,TBILL-1
1973-05-31,54.122044,,54.122000,US-1,13.084540,,,13.085000,EXUS-1,87.463335,,,87.552000,BOND-1,2.647217,2.646312,TBILL-1
1973-06-30,53.905811,,53.906000,US-1,13.273474,,,13.273000,EXUS-1,87.158198,,,87.227000,BOND-1,2.661223,2.659808,TBILL-1
1973-07-31,56.097916,,56.098000,US-1,13.288767,,,13.289000,EXUS-1,83.697344,,,83.689000,BOND-1,2.678231,2.676831,TBILL-1
1973-08-31,54.185141,,54.185000,US-1,12.576100,,,12.576000,EXUS-1,86.341757,,,86.365000,BOND-1,2.696239,2.695569,TBILL-1
1973-09-30,56.581428,,56.581000,US-1,12.814449,,,12.814000,EXUS-1,89.048220,,,89.110000,BOND-1,2.715248,2.713899,TBILL-1
1973-10-31,56.591353,,56.591000,US-1,13.065351,,,13.065000,EXUS-1,88.875217,,,88.892000,BOND-1,2.733256,2.731539,TBILL-1
1973-11-30,50.315635,,50.316000,US-1,10.932904,,,10.933000,EXUS-1,89.519815,,,89.542000,BOND-1,2.748263,2.746836,TBILL-1
1973-12-31,51.311724,,51.312000,US-1,10.440046,,,10.440000,EXUS-1,89.180162,,,89.155000,BOND-1,2.765271,2.764415,TBILL-1
1974-01-31,50.943774,,50.944000,US-1,10.918476,,,10.918000,EXUS-1,88.933288,,,88.889000,BOND-1,2.783279,2.781831,TBILL-1
1974-02-28,50.906199,,50.906000,US-1,11.365886,,,11.366000,EXUS-1,89.108035,,,89.054000,BOND-1,2.799286,2.797966,TBILL-1
1974-03-31,49.864027,,49.864000,US-1,11.073648,,,11.074000,EXUS-1,86.710522,,,86.629000,BOND-1,2.814293,2.813634,TBILL-1
1974-04-30,48.076029,,48.076000,US-1,11.260634,,,11.261000,EXUS-1,84.408547,,,84.274000,BOND-1,2.836303,2.834737,TBILL-1
1974-05-31,46.623369,,46.623000,US-1,10.670316,,,10.670000,EXUS-1,85.382129,,,85.240000,BOND-1,2.857313,2.855997,TBILL-1
1974-06-30,46.093775,,46.094000,US-1,10.128691,,,10.129000,EXUS-1,83.624454,,,83.438000,BOND-1,2.874321,2.873133,TBILL-1
1974-07-31,42.674459,,42.674000,US-1,9.845615,,,9.846000,EXUS-1,82.588598,,,82.362000,BOND-1,2.894330,2.893245,TBILL-1
1974-08-31,38.988573,,38.989000,US-1,8.824191,,,8.824000,EXUS-1,81.218098,,,80.957000,BOND-1,2.912338,2.910605,TBILL-1
1974-09-30,34.498017,,34.498000,US-1,8.318131,,,8.318000,EXUS-1,83.107794,,,82.827000,BOND-1,2.935349,2.934180,TBILL-1
1974-10-31,40.297314,,40.297000,US-1,8.313586,,,8.314000,EXUS-1,87.884895,,,87.643000,BOND-1,2.950356,2.949145,TBILL-1
1974-11-30,38.327822,,38.328000,US-1,8.587068,,,8.587000,EXUS-1,89.333739,,,89.061000,BOND-1,2.966363,2.965070,TBILL-1
1974-12-31,37.730877,,37.731000,US-1,8.505694,,,8.506000,EXUS-1,89.586687,,,89.259000,BOND-1,2.987373,2.985826,TBILL-1
1975-01-31,42.529831,,42.530000,US-1,9.944302,,,9.944000,EXUS-1,92.985457,,,92.729000,BOND-1,3.004381,3.003143,TBILL-1
1975-02-28,45.242314,,45.242000,US-1,11.160432,,,11.160000,EXUS-1,94.299227,,,94.036000,BOND-1,3.017387,3.016057,TBILL-1
1975-03-31,46.390829,,46.391000,US-1,11.039743,,,11.040000,EXUS-1,92.674937,,,92.365000,BOND-1,3.029392,3.028423,TBILL-1
1975-04-30,48.755922,,48.756000,US-1,11.468685,,,11.469000,EXUS-1,91.694765,,,91.418000,BOND-1,3.043399,3.041748,TBILL-1
1975-05-31,51.079185,,51.079000,US-1,11.448918,,,11.449000,EXUS-1,93.228330,,,92.908000,BOND-1,3.056405,3.055132,TBILL-1
1975-06-30,53.516591,,53.517000,US-1,11.093992,,,11.094000,EXUS-1,95.035064,,,94.771000,BOND-1,3.068410,3.067658,TBILL-1
1975-07-31,50.070334,,50.070000,US-1,10.681064,,,10.681000,EXUS-1,94.747456,,,94.485000,BOND-1,3.083417,3.082382,TBILL-1
1975-08-31,49.190514,,49.191000,US-1,10.630999,,,10.631000,EXUS-1,93.723643,,,93.415000,BOND-1,3.098424,3.097178,TBILL-1
1975-09-30,47.656324,,47.656000,US-1,10.108204,,,10.108000,EXUS-1,93.046677,,,92.706000,BOND-1,3.114431,3.113593,TBILL-1
1975-10-31,50.770078,,50.770000,US-1,10.827364,,,10.827000,EXUS-1,97.503102,,,97.187000,BOND-1,3.132440,3.131029,TBILL-1
1975-11-30,52.200761,,52.201000,US-1,11.102071,,,11.102000,EXUS-1,96.946617,,,96.612000,BOND-1,3.145445,3.143866,TBILL-1
1975-12-31,51.777511,,51.778000,US-1,11.292376,,,11.292000,EXUS-1,100.285160,100.000000,,100.000000,BOND-1,3.160452,3.158957,TBILL-1
1976-01-31,58.081588,,58.082000,US-1,11.918620,,,11.919000,EXUS-1,101.645654,101.950000,,101.950000,BOND-2,3.175459,3.173804,TBILL-1
1976-02-29,57.591696,,57.592000,US-1,11.898493,,,11.898000,EXUS-1,102.358064,102.720000,,102.720000,BOND-2,3.185464,3.184595,TBILL-1
1976-03-31,59.532121,,59.532000,US-1,11.680775,,,11.681000,EXUS-1,103.691798,103.950000,,103.950000,BOND-2,3.198470,3.197333,TBILL-1
1976-04-30,59.069170,,59.069000,US-1,11.669810,,,11.670000,EXUS-1,104.079707,104.530000,,104.530000,BOND-2,3.211476,3.210762,TBILL-1
1976-05-31,58.411964,,58.412000,US-1,11.395968,,,11.396000,EXUS-1,102.826459,103.580000,,103.580000,BOND-2,3.223481,3.222642,TBILL-1
1976-06-30,61.001087,,61.001000,US-1,11.540608,,,11.541000,EXUS-1,104.407659,105.050000,,105.050000,BOND-2,3.238488,3.236499,TBILL-1
1976-07-31,60.708995,,60.709000,US-1,11.385941,,,11.386000,EXUS-1,105.841359,106.280000,,106.280000,BOND-2,3.253495,3.251711,TBILL-1
1976-08-31,60.596980,,60.597000,US-1,11.355858,,,11.356000,EXUS-1,108.110891,108.180000,,108.180000,BOND-2,3.266501,3.265368,TBILL-1
1976-09-30,62.163782,,62.164000,US-1,11.181497,,,11.182000,EXUS-1,109.512894,109.670000,,109.670000,BOND-2,3.281508,3.279735,TBILL-1
1976-10-31,61.006050,,61.006000,US-1,10.521131,,,10.521000,EXUS-1,110.620248,110.850000,,110.850000,BOND-2,3.294514,3.293182,TBILL-1
1976-11-30,60.756496,,60.756000,US-1,10.504034,,,10.504000,EXUS-1,114.167286,113.530000,,113.530000,BOND-2,3.307520,3.306355,TBILL-1
1976-12-31,64.166596,,64.167000,US-1,11.693400,,,11.693000,EXUS-1,116.653156,115.600000,,115.600000,BOND-2,3.320526,3.319580,TBILL-1
1977-01-31,61.132954,,61.133000,US-1,11.594136,,,11.594000,EXUS-1,113.646963,113.380000,,113.380000,BOND-2,3.332531,3.331531,TBILL-1
1977-02-28,60.018468,,60.018000,US-1,11.837607,,,11.838000,EXUS-1,113.736192,113.810000,,113.810000,BOND-2,3.344537,3.343191,TBILL-1
1977-03-31,59.387493,,59.387000,US-1,11.871152,,,11.871000,EXUS-1,114.622216,114.660000,,114.660000,BOND-2,3.357543,3.355895,TBILL-1
1977-04-30,59.634920,,59.635000,US-1,12.151558,,,12.152000,EXUS-1,115.557561,115.700000,,115.700000,BOND-2,3.369548,3.368648,TBILL-1
1977-05-31,58.465136,,58.465000,US-1,12.091899,,,12.092000,EXUS-1,116.550609,116.500000,,116.500000,BOND-2,3.382554,3.381112,TBILL-1
1977-06-30,61.354859,,61.355000,US-1,12.385724,,,12.386000,EXUS-1,118.247063,118.150000,,118.150000,BOND-2,3.395560,3.394636,TBILL-1
1977-07-31,60.591308,,60.591000,US-1,12.222183,,,12.222000,EXUS-1,118.217955,118.080000,,118.080000,BOND-2,3.409567,3.408894,TBILL-1
1977-08-31,59.549845,,59.550000,US-1,12.670892,,,12.671000,EXUS-1,119.219774,119.210000,,119.210000,BOND-2,3.424574,3.423893,TBILL-1
1977-09-30,59.641301,,59.641000,US-1,13.047965,,,13.048000,EXUS-1,119.132001,119.210000,,119.210000,BOND-2,3.439581,3.438616,TBILL-1
1977-10-31,57.318746,,57.319000,US-1,13.255367,,,13.255000,EXUS-1,118.580659,118.580000,,118.580000,BOND-2,3.456588,3.455465,TBILL-1
1977-11-30,59.131558,,59.132000,US-1,13.227016,,,13.227000,EXUS-1,119.374500,119.640000,,119.640000,BOND-2,3.473596,3.472742,TBILL-1
1977-12-31,59.573241,,59.573000,US-1,13.741732,,,13.742000,EXUS-1,118.520374,119.110000,,119.110000,BOND-2,3.490604,3.489759,TBILL-1
1978-01-31,56.153215,,56.153000,US-1,13.840419,,,13.840000,EXUS-1,117.941742,118.830000,,118.830000,BOND-2,3.507612,3.506858,TBILL-1
1978-02-28,55.014625,,55.015000,US-1,13.987728,,,13.988000,EXUS-1,118.387247,119.290000,,119.290000,BOND-2,3.523619,3.522990,TBILL-1
1978-03-31,56.632473,,56.632000,US-1,14.967240,,,14.967000,EXUS-1,118.854067,119.670000,,119.670000,BOND-2,3.542628,3.541662,TBILL-1
1978-04-30,61.742660,,61.743000,US-1,14.882187,,,14.882000,EXUS-1,118.806357,119.840000,,119.840000,BOND-2,3.561637,3.560787,TBILL-1
1978-05-31,62.310537,,62.311000,US-1,15.242236,,,15.242000,EXUS-1,118.031126,119.300000,,119.300000,BOND-2,3.579645,3.578947,TBILL-1
1978-06-30,61.451986,,61.452000,US-1,15.866532,,,15.867000,EXUS-1,118.095362,119.270000,,119.270000,BOND-2,3.598654,3.598273,TBILL-1
1978-07-31,65.035781,,65.036000,US-1,17.235815,,,17.236000,EXUS-1,119.273377,120.630000,,120.630000,BOND-2,3.619663,3.618423,TBILL-1
1978-08-31,66.992512,,66.993000,US-1,17.596152,,,17.596000,EXUS-1,121.491750,122.540000,,122.540000,BOND-2,3.639673,3.638687,TBILL-1
1978-09-30,66.779115,,66.779000,US-1,18.124142,,,18.124000,EXUS-1,121.414776,122.490000,,122.490000,BOND-2,3.661683,3.661246,TBILL-1
1978-10-31,60.956423,,60.956000,US-1,19.016004,,,19.016000,EXUS-1,119.387236,120.760000,,120.760000,BOND-2,3.686694,3.686143,TBILL-1
1978-11-30,62.265164,,62.265000,US-1,17.437012,,,17.437000,EXUS-1,120.774965,121.940000,,121.940000,BOND-2,3.712706,3.711946,TBILL-1
1978-12-31,63.488121,,63.488000,US-1,18.290063,,,18.290000,EXUS-1,120.117576,120.770000,,120.770000,BOND-2,3.741720,3.740899,TBILL-1
1979-01-31,66.301985,,66.302000,US-1,18.442422,,,18.442000,EXUS-1,121.711855,123.030000,,123.030000,BOND-2,3.770733,3.769704,TBILL-1
1979-02-28,64.172976,,64.173000,US-1,18.419842,,,18.420000,EXUS-1,120.486391,122.510000,,122.510000,BOND-2,3.797745,3.797223,TBILL-1
1979-03-31,67.998527,,67.999000,US-1,18.947327,,,18.947000,EXUS-1,121.796961,123.770000,,123.770000,BOND-2,3.828760,3.827980,TBILL-1
1979-04-30,68.635174,,68.635000,US-1,18.930374,,,18.930000,EXUS-1,121.586453,123.570000,,123.570000,BOND-2,3.859774,3.858604,TBILL-1
1979-05-31,66.940758,,66.941000,US-1,18.678679,,,18.679000,EXUS-1,124.186575,125.880000,,125.880000,BOND-2,3.890788,3.890245,TBILL-1
1979-06-30,69.852459,,69.852000,US-1,19.079992,,,19.080000,EXUS-1,127.213829,128.620000,,128.620000,BOND-2,3.922803,3.921756,TBILL-1
1979-07-31,70.789705,,70.790000,US-1,19.196209,,,19.196000,EXUS-1,126.916905,128.680000,,128.680000,BOND-2,3.952817,3.951953,TBILL-1
1979-08-31,74.874026,,74.874000,US-1,19.830460,,,19.830000,EXUS-1,126.505527,128.350000,,128.350000,BOND-2,3.982830,3.982383,TBILL-1
1979-09-30,75.195894,,75.196000,US-1,20.798141,,,20.798000,EXUS-1,125.175887,127.010000,,127.010000,BOND-2,4.015845,4.015437,TBILL-1
1979-10-31,70.380634,,70.381000,US-1,19.088144,,,19.088000,EXUS-1,116.146552,119.290000,,119.290000,BOND-2,4.050862,4.050371,TBILL-1
1979-11-30,73.726928,,73.727000,US-1,19.521775,,,19.522000,EXUS-1,119.390355,122.770000,,122.770000,BOND-2,4.090880,4.090470,TBILL-1
1979-12-31,75.302947,,75.303000,US-1,20.291144,,,20.291000,EXUS-1,119.027450,123.100000,,123.100000,BOND-2,4.129898,4.129330,TBILL-1
1980-01-31,79.984213,,79.984000,US-1,21.558637,,,21.559000,EXUS-1,113.775828,119.350000,,119.350000,BOND-2,4.162913,4.162364,TBILL-1
1980-02-29,79.977124,,79.977000,US-1,21.836158,,,21.836000,EXUS-1,106.320645,112.290000,,112.290000,BOND-2,4.199930,4.199409,TBILL-1
1980-03-31,72.201954,,72.202000,US-1,19.134529,,,19.135000,EXUS-1,106.533589,112.380000,,112.380000,BOND-2,4.249953,4.250222,TBILL-1
1980-04-30,75.539740,,75.540000,US-1,20.857007,,,20.857000,EXUS-1,120.436226,125.120000,,125.120000,BOND-2,4.303978,4.303775,TBILL-1
1980-05-31,79.427679,,79.428000,US-1,21.959084,,,21.959000,EXUS-1,126.837899,131.020000,,131.020000,BOND-2,4.337994,4.338635,TBILL-1
1980-06-30,81.940944,,81.941000,US-1,23.385429,,,23.385000,EXUS-1,129.043971,133.490000,,133.490000,BOND-2,4.365006,4.365101,TBILL-1
1980-07-31,87.643113,,87.643000,US-1,23.400145,,,23.400000,EXUS-1,125.173938,130.730000,,130.730000,BOND-2,4.388017,4.388236,TBILL-1
1980-08-31,88.528605,,88.529000,US-1,24.203131,,,24.203000,EXUS-1,119.898609,126.050000,,126.050000,BOND-2,4.416029,4.416321,TBILL-1
1980-09-30,91.133326,,91.133000,US-1,25.097590,,,25.098000,EXUS-1,118.013251,124.730000,,124.730000,BOND-2,4.449045,4.449443,TBILL-1
1980-10-31,92.978041,,92.978000,US-1,25.978054,,,25.978000,EXUS-1,116.163751,123.300000,,123.300000,BOND-2,4.491064,4.491713,TBILL-1
1980-11-30,102.883637,,102.884000,US-1,25.609782,,,25.610000,EXUS-1,116.418927,123.070000,,123.070000,BOND-2,4.534084,4.534833,TBILL-1
1980-12-31,99.779808,,99.780000,US-1,25.453239,,,25.453000,EXUS-1,118.947080,126.430000,,126.430000,BOND-2,4.594111,4.594240,TBILL-1
1981-01-31,95.604740,,95.605000,US-1,24.978127,,,24.978000,EXUS-1,118.175580,126.490000,,126.490000,BOND-2,4.641133,4.642020,TBILL-1
1981-02-28,97.265125,,97.265000,US-1,24.656817,,,24.657000,EXUS-1,115.159450,124.090000,,124.090000,BOND-2,4.691156,4.691690,TBILL-1
1981-03-31,101.155191,,101.155000,US-1,25.650036,,,25.650000,EXUS-1,118.516924,127.040000,,127.040000,BOND-2,4.748182,4.748459,TBILL-1
1981-04-30,99.199169,,99.199000,US-1,26.209190,,,26.209000,EXUS-1,112.028442,122.510000,,122.510000,BOND-2,4.799205,4.799742,TBILL-1
1981-05-31,99.452977,,99.453000,US-1,25.321656,,,25.322000,EXUS-1,117.129460,126.910000,,126.910000,BOND-2,4.854231,4.854939,TBILL-1
1981-06-30,98.830510,,98.831000,US-1,25.345029,,,25.345000,EXUS-1,117.564456,126.620000,,126.620000,BOND-2,4.919261,4.920481,TBILL-1
1981-07-31,99.033273,,99.033000,US-1,24.330313,,,24.330000,EXUS-1,113.672045,124.180000,,124.180000,BOND-2,4.980289,4.981495,TBILL-1
1981-08-31,93.315506,,93.316000,US-1,24.914644,,,24.915000,EXUS-1,110.518207,121.560000,,121.560000,BOND-2,5.044318,5.045258,TBILL-1
1981-09-30,88.717189,,88.717000,US-1,22.376700,,,22.377000,EXUS-1,109.917873,121.480000,,121.480000,BOND-2,5.107347,5.107819,TBILL-1
1981-10-31,93.504799,,93.505000,US-1,22.652851,,,22.653000,EXUS-1,116.039714,128.590000,,128.590000,BOND-2,5.168375,5.169624,TBILL-1
1981-11-30,97.363671,,97.364000,US-1,25.166989,,,25.167000,EXUS-1,127.759326,139.550000,,139.550000,BOND-2,5.223400,5.224939,TBILL-1
1981-12-31,94.867421,,94.867000,US-1,24.828582,,,24.829000,EXUS-1,122.593993,134.330000,,134.330000,BOND-2,5.269422,5.270396,TBILL-1
1982-01-31,93.628158,,93.628000,US-1,24.434772,,,24.435000,EXUS-1,121.888823,135.180000,,135.180000,BOND-2,5.311441,5.312559,TBILL-1
1982-02-28,88.394611,,88.395000,US-1,22.771520,,,22.772000,EXUS-1,124.888378,137.820000,,137.820000,BOND-2,5.360463,5.361435,TBILL-1
1982-03-31,87.933787,,87.934000,US-1,21.650182,,,21.650000,EXUS-1,127.399409,139.570000,,139.570000,BOND-2,5.413488,5.413977,TBILL-1
1982-04-30,91.908220,,91.908000,US-1,22.894735,,,22.895000,EXUS-1,131.501177,143.480000,,143.480000,BOND-2,5.474516,5.475155,TBILL-1
1982-05-31,88.774614,,88.775000,US-1,22.574940,,,22.575000,EXUS-1,134.207368,145.810000,,145.810000,BOND-2,5.532542,5.533191,TBILL-1
1982-06-30,87.441769,,87.442000,US-1,20.787753,,,20.788000,EXUS-1,129.708707,143.520000,,143.520000,BOND-2,5.585567,5.586310,TBILL-1
1982-07-31,85.885600,,85.886000,US-1,20.690797,,,20.691000,EXUS-1,136.318859,149.690000,,149.690000,BOND-2,5.643594,5.644966,TBILL-1
1982-08-31,96.311573,,96.312000,US-1,21.016580,,,21.017000,EXUS-1,145.721859,157.860000,,157.860000,BOND-2,5.686613,5.687868,TBILL-1
1982-09-30,97.512552,,97.513000,US-1,20.928209,,,20.928000,EXUS-1,153.064997,164.250000,,164.250000,BOND-2,5.715627,5.716876,TBILL-1
1982-10-31,108.736106,,108.736000,US-1,21.245551,,,21.246000,EXUS-1,163.280766,172.950000,,172.950000,BOND-2,5.749642,5.750606,TBILL-1
1982-11-30,113.127407,,113.127000,US-1,22.848349,,,22.848000,EXUS-1,165.776373,174.640000,,174.640000,BOND-2,5.785659,5.786834,TBILL-1
1982-12-31,115.307461,,115.307000,US-1,24.764305,,,24.764000,EXUS-1,168.071122,178.150000,,178.150000,BOND-2,5.824677,5.825606,TBILL-1
1983-01-31,119.595254,,119.595000,US-1,24.743601,,,24.744000,EXUS-1,167.171792,178.450000,,178.450000,BOND-2,5.864695,5.865803,TBILL-1
1983-02-28,122.336804,,122.337000,US-1,25.297489,,,25.298000,EXUS-1,173.149822,183.570000,,183.570000,BOND-2,5.901712,5.902171,TBILL-1
1983-03-31,126.856427,,126.856000,US-1,26.248073,,,26.248000,EXUS-1,173.570219,184.050000,,184.050000,BOND-2,5.938729,5.939354,TBILL-1
1983-04-30,136.849934,,136.850000,US-1,27.912983,,,27.913000,EXUS-1,181.074041,189.180000,,189.180000,BOND-2,5.980748,5.981524,TBILL-1
1983-05-31,135.659589,,135.660000,US-1,27.894732,,,27.895000,EXUS-1,176.663023,186.700000,,186.700000,BOND-2,6.022768,6.022796,TBILL-1
1983-06-30,140.939218,,140.939000,US-1,28.539155,,,28.539000,EXUS-1,176.288935,186.900000,,186.900000,BOND-2,6.062786,6.063149,TBILL-1
1983-07-31,136.780456,,136.780000,US-1,28.633442,,,28.633000,EXUS-1,170.081982,182.480000,,182.480000,BOND-2,6.107807,6.108016,TBILL-1
1983-08-31,138.833605,,138.834000,US-1,28.267189,,,28.267000,EXUS-1,171.144086,183.750000,,183.750000,BOND-2,6.153828,6.154437,TBILL-1
1983-09-30,140.750635,,140.751000,US-1,29.155661,,,29.156000,EXUS-1,177.335824,189.810000,,189.810000,BOND-2,6.200850,6.201211,TBILL-1
1983-10-31,139.123570,,139.124000,US-1,28.836443,,,28.836000,EXUS-1,177.200644,190.490000,,190.490000,BOND-2,6.247871,6.248340,TBILL-1
1983-11-30,142.057958,,142.058000,US-1,29.787531,,,29.788000,EXUS-1,179.442999,192.670000,,192.670000,BOND-2,6.291891,6.292079,TBILL-1
1983-12-31,141.315676,,141.316000,US-1,30.902666,,,30.903000,EXUS-1,179.412075,193.040000,,193.040000,BOND-2,6.337913,6.338011,TBILL-1
1984-01-31,140.527312,,140.527000,US-1,31.932459,,,31.932000,EXUS-1,183.597101,197.020000,,197.020000,BOND-2,6.385935,6.386180,TBILL-1
1984-02-29,135.582313,,135.582000,US-1,32.376117,,,32.376000,EXUS-1,181.233144,196.010000,,196.010000,BOND-2,6.430955,6.431522,TBILL-1
1984-03-31,137.930390,,137.930000,US-1,34.947246,,,34.947000,EXUS-1,178.425402,193.810000,,193.810000,BOND-2,6.477977,6.478472,TBILL-1
1984-04-30,139.239131,,139.239000,US-1,34.350940,,,34.351000,EXUS-1,177.627675,193.430000,,193.430000,BOND-2,6.531001,6.530947,TBILL-1
1984-05-31,131.531312,,131.531000,US-1,31.123990,,,31.124000,EXUS-1,170.693528,187.400000,,187.400000,BOND-2,6.582025,6.581889,TBILL-1
1984-06-30,134.388423,,134.388000,US-1,30.992552,,,30.993000,EXUS-1,173.410242,189.800000,,189.800000,BOND-2,6.632048,6.631253,TBILL-1
1984-07-31,132.720948,,132.721000,US-1,28.979063,,,28.979000,EXUS-1,182.233993,198.340000,,198.340000,BOND-2,6.686073,6.685629,TBILL-1
1984-08-31,147.379415,,147.379000,US-1,31.656453,,,31.656000,EXUS-1,186.323373,201.680000,,201.680000,BOND-2,6.741098,6.741120,TBILL-1
1984-09-30,147.415572,,147.416000,US-1,31.345747,,,31.346000,EXUS-1,191.340037,206.470000,,206.470000,BOND-2,6.799125,6.799094,TBILL-1
1984-10-31,147.983449,,147.983000,US-1,31.929285,,,31.929000,EXUS-1,200.833728,215.230000,,215.230000,BOND-2,6.867156,6.867084,TBILL-1
1984-11-30,146.325900,,146.326000,US-1,31.490171,,,31.490000,EXUS-1,204.931987,219.080000,,219.080000,BOND-2,6.917179,6.917214,TBILL-1
1984-12-31,150.181227,,150.181000,US-1,31.974516,,,31.975000,EXUS-1,207.677012,222.280000,,222.280000,BOND-2,6.962199,6.961484,TBILL-1
1985-01-31,161.881911,,161.882000,US-1,32.886145,,,32.886000,EXUS-1,213.439620,227.340000,,227.340000,BOND-2,7.007220,7.006734,TBILL-1
1985-02-28,163.864873,,163.865000,US-1,32.583447,,,32.583000,EXUS-1,207.129178,222.690000,,222.690000,BOND-2,7.047239,7.047373,TBILL-1
1985-03-31,163.973344,,163.973000,US-1,35.031577,,,35.032000,EXUS-1,210.733055,227.230000,,227.230000,BOND-2,7.091259,7.091067,TBILL-1
1985-04-30,163.818791,,163.819000,US-1,34.945442,,,34.945000,EXUS-1,216.702943,231.930000,,231.930000,BOND-2,7.141282,7.142122,TBILL-1
1985-05-31,173.284122,,173.284000,US-1,36.351804,,,36.352000,EXUS-1,231.567244,244.050000,,244.050000,BOND-2,7.189304,7.189260,TBILL-1
1985-06-30,175.998732,,175.999000,US-1,37.166765,,,37.167000,EXUS-1,233.729418,246.630000,,246.630000,BOND-2,7.228322,7.228801,TBILL-1
1985-07-31,175.742797,,175.743000,US-1,38.968597,,,38.969000,EXUS-1,231.608556,245.770000,,245.770000,BOND-2,7.274343,7.273620,TBILL-1
1985-08-31,174.241928,,174.242000,US-1,40.048383,,,40.048000,EXUS-1,236.589291,250.390000,,250.390000,BOND-2,7.314361,7.313625,TBILL-1
1985-09-30,168.792149,,168.792000,US-1,41.999254,,,41.999000,EXUS-1,238.660118,251.900000,,251.900000,BOND-2,7.358382,7.357507,TBILL-1
1985-10-31,176.588587,,176.589000,US-1,44.453661,,,44.454000,EXUS-1,244.917573,257.180000,,257.180000,BOND-2,7.406404,7.405330,TBILL-1
1985-11-30,188.700468,,188.700000,US-1,46.410881,,,46.411000,EXUS-1,252.267386,263.360000,,263.360000,BOND-2,7.451424,7.450503,TBILL-1
1985-12-31,197.829043,,197.829000,US-1,48.409509,,,48.410000,EXUS-1,261.962366,271.410000,,271.410000,BOND-2,7.499446,7.498931,TBILL-1
1986-01-31,198.933604,,198.934000,US-1,49.548233,,,49.548000,EXUS-1,263.532002,272.920000,,272.920000,BOND-2,7.541466,7.540925,TBILL-1
1986-02-28,213.803341,,213.803000,US-1,54.695611,,,54.696000,EXUS-1,278.322781,283.680000,,283.680000,BOND-2,7.581484,7.580892,TBILL-1
1986-03-31,225.732310,,225.732000,US-1,62.109328,,,62.109000,EXUS-1,286.354863,292.490000,,292.490000,BOND-2,7.626505,7.626377,TBILL-1
1986-04-30,223.189978,,223.190000,US-1,65.952710,,,65.953000,EXUS-1,287.570221,294.040000,,294.040000,BOND-2,7.666523,7.666035,TBILL-1
1986-05-31,235.064357,,235.064000,US-1,63.195318,,,63.195000,EXUS-1,282.273841,288.420000,,288.420000,BOND-2,7.703540,7.703598,TBILL-1
1986-06-30,239.036663,,239.037000,US-1,67.175838,,,67.176000,EXUS-1,289.078466,295.970000,,295.970000,BOND-2,7.744559,7.743657,TBILL-1
1986-07-31,225.667086,,225.667000,US-1,70.955593,,,70.956000,EXUS-1,291.432429,298.590000,,298.590000,BOND-2,7.784577,7.783924,TBILL-1
1986-08-31,242.401389,,242.401000,US-1,77.851636,,,77.852000,EXUS-1,299.333320,306.010000,,306.010000,BOND-2,7.820594,7.819730,TBILL-1
1986-09-30,222.361912,,222.362000,US-1,77.181459,,,77.181000,EXUS-1,295.977489,302.990000,,302.990000,BOND-2,7.855610,7.854919,TBILL-1
1986-10-31,235.185589,,235.186000,US-1,72.317805,,,72.317000,EXUS-1,301.248122,307.370000,,307.370000,BOND-2,7.892627,7.891051,TBILL-1
1986-11-30,240.901229,,240.901000,US-1,76.374938,,,76.375000,EXUS-1,306.816366,311.670000,,311.670000,BOND-2,7.922641,7.921827,TBILL-1
1986-12-31,234.753832,,234.754000,US-1,80.282741,,,80.282000,EXUS-1,309.051904,312.840000,,312.840000,BOND-2,7.961659,7.960643,TBILL-1
1987-01-31,266.364963,,266.365000,US-1,88.969073,,,88.969000,EXUS-1,314.385090,317.250000,,317.250000,BOND-2,7.994674,7.994078,TBILL-1
1987-02-28,276.890190,,276.890000,US-1,91.765204,,,91.765000,EXUS-1,316.218169,319.450000,,319.450000,BOND-2,8.028690,8.028453,TBILL-1
1987-03-31,284.879466,,284.879000,US-1,99.525263,,,99.525000,EXUS-1,314.176715,318.010000,,318.010000,BOND-2,8.066707,8.066186,TBILL-1
1987-04-30,282.349895,,282.350000,US-1,109.449511,,,109.450000,EXUS-1,301.641927,309.290000,,309.290000,BOND-2,8.102724,8.101678,TBILL-1
1987-05-31,284.797935,,284.798000,US-1,109.386749,,,109.387000,EXUS-1,300.242672,308.080000,,308.080000,BOND-2,8.132737,8.132464,TBILL-1
1987-06-30,299.179908,,299.180000,US-1,106.258054,,,106.258000,EXUS-1,304.508233,312.320000,,312.320000,BOND-2,8.172756,8.171500,TBILL-1
1987-07-31,314.336065,,314.336000,US-1,106.703877,,,106.704000,EXUS-1,302.639376,312.080000,,312.080000,BOND-2,8.209773,8.209089,TBILL-1
1987-08-31,326.065107,,326.065000,US-1,114.311000,,,114.311000,EXUS-1,300.824019,310.410000,,310.410000,BOND-2,8.248791,8.247671,TBILL-1
1987-09-30,318.916659,,318.917000,US-1,112.612112,,,112.612000,EXUS-1,291.520212,303.800000,,303.800000,BOND-2,8.285808,8.284786,TBILL-1
1987-10-31,250.233985,,250.234000,US-1,96.278259,,,96.278000,EXUS-1,303.876470,314.620000,,314.620000,BOND-2,8.334830,8.334495,TBILL-1
1987-11-30,229.617414,,229.617000,US-1,97.024904,,,97.025000,EXUS-1,307.156349,317.140000,,317.140000,BOND-2,8.363844,8.363665,TBILL-1
1987-12-31,247.080528,,247.081000,US-1,99.999942,100.000000,,100.000000,EXUS-1,312.200738,321.460000,,321.460000,BOND-2,8.396859,8.396284,TBILL-1
1988-01-31,257.472471,257.470000,257.472000,US-1,101.571864,101.680000,,101.680000,EXUS-2,325.838112,332.760000,,332.760000,BOND-2,8.421870,8.420633,TBILL-1
1988-02-29,269.474463,269.480000,269.474000,US-1,108.319083,108.417000,,108.417000,EXUS-2,330.130422,336.710000,,336.710000,BOND-2,8.459888,8.459368,TBILL-1
1988-03-31,261.149849,261.150000,261.150000,US-1,114.950878,115.193000,,115.193000,EXUS-2,325.264031,333.550000,,333.550000,BOND-2,8.496905,8.496589,TBILL-1
1988-04-30,264.038154,264.040000,264.038000,US-1,116.599990,116.875000,,116.875000,EXUS-2,321.783147,331.750000,,331.750000,BOND-2,8.535923,8.535673,TBILL-1
1988-05-31,266.321716,266.320000,266.322000,US-1,112.876864,113.184000,,113.184000,EXUS-2,320.049602,329.520000,,329.520000,BOND-2,8.579943,8.579205,TBILL-1
1988-06-30,278.543486,278.540000,278.543000,US-1,110.345485,110.702000,,110.702000,EXUS-2,329.655511,337.470000,,337.470000,BOND-2,8.620962,8.621243,TBILL-1
1988-07-31,277.487135,277.490000,277.487000,US-1,113.595375,113.927000,,113.927000,EXUS-2,326.843796,335.700000,,335.700000,BOND-2,8.664982,8.665212,TBILL-1
1988-08-31,268.067177,268.070000,268.067000,US-1,106.288353,106.601000,,106.601000,EXUS-2,327.780326,336.580000,,336.580000,BOND-2,8.716005,8.716337,TBILL-1
1988-09-30,279.487821,279.490000,279.488000,US-1,110.818000,111.237000,,111.237000,EXUS-2,336.761054,344.200000,,344.200000,BOND-2,8.770030,8.770378,TBILL-1
1988-10-31,287.270081,287.270000,287.270000,US-1,120.099483,120.383000,,120.383000,EXUS-2,344.269096,350.680000,,350.680000,BOND-2,8.823055,8.823877,TBILL-1
1988-11-30,283.175834,283.180000,283.176000,US-1,127.004688,127.099000,,127.099000,EXUS-2,339.195267,346.420000,,346.420000,BOND-2,8.873078,8.874173,TBILL-1
1988-12-31,288.115870,288.120000,288.116000,US-1,127.802552,127.897000,,127.897000,EXUS-2,339.860084,346.810000,,346.810000,BOND-2,8.930104,8.930081,TBILL-1
1989-01-31,309.213826,309.210000,309.214000,US-1,130.370001,130.435000,,130.435000,EXUS-2,345.629846,351.800000,,351.800000,BOND-2,8.979126,8.979196,TBILL-1
1989-02-28,301.508134,301.510000,301.508000,US-1,130.906720,131.020000,,131.020000,EXUS-2,342.258428,349.250000,,349.250000,BOND-2,9.034152,9.033969,TBILL-1
1989-03-31,308.541731,308.540000,308.542000,US-1,128.534769,128.777000,,128.777000,EXUS-2,344.244365,350.760000,,350.760000,BOND-2,9.094179,9.094497,TBILL-1
1989-04-30,324.561402,324.560000,324.561000,US-1,129.813083,130.407000,,130.407000,EXUS-2,351.676884,358.100000,,358.100000,BOND-2,9.156208,9.155430,TBILL-1
1989-05-31,337.692768,337.690000,337.693000,US-1,123.047829,123.755000,,123.755000,EXUS-2,362.660622,367.510000,,367.510000,BOND-2,9.228241,9.227758,TBILL-1
1989-06-30,335.777866,335.780000,335.778000,US-1,121.241453,121.435000,,121.435000,EXUS-2,375.954155,378.700000,,378.700000,BOND-2,9.293271,9.293275,TBILL-1
1989-07-31,366.095143,366.100000,366.095000,US-1,136.211146,136.405000,,136.405000,EXUS-2,383.495375,386.750000,,386.750000,BOND-2,9.358301,9.358328,TBILL-1
1989-08-31,373.252099,373.250000,373.252000,US-1,130.455847,130.740000,,130.740000,EXUS-2,375.981125,381.020000,,381.020000,BOND-2,9.427332,9.427579,TBILL-1
1989-09-30,371.737760,371.740000,371.738000,US-1,136.106544,136.774000,,136.774000,EXUS-2,377.907614,382.970000,,382.970000,BOND-2,9.489361,9.488859,TBILL-1
1989-10-31,363.106166,363.110000,363.106000,US-1,130.918983,131.766000,,131.766000,EXUS-2,387.758229,392.400000,,392.400000,BOND-2,9.553390,9.553383,TBILL-1
1989-11-30,370.511258,370.510000,370.511000,US-1,137.357445,138.101000,,138.101000,EXUS-2,390.691144,396.140000,,396.140000,BOND-2,9.618420,9.619301,TBILL-1
1989-12-31,379.408712,379.410000,379.409000,US-1,142.402890,143.286000,,143.286000,EXUS-2,391.025685,397.200000,,397.200000,BOND-2,9.677447,9.677979,TBILL-1
1990-01-31,353.937180,353.940000,353.937000,US-1,136.937592,137.913000,,137.913000,EXUS-2,384.909852,392.480000,,392.480000,BOND-2,9.732473,9.733143,TBILL-1
1990-02-28,358.495796,358.500000,358.496000,US-1,127.686407,128.751000,,128.751000,EXUS-2,384.733485,393.750000,,393.750000,BOND-2,9.787498,9.788622,TBILL-1
1990-03-31,367.995157,368.000000,367.995000,US-1,115.005705,115.699000,,115.699000,EXUS-2,384.510332,394.040000,,394.040000,BOND-2,9.850527,9.851269,TBILL-1
1990-04-30,358.814828,358.820000,358.815000,US-1,113.736047,114.718000,,114.718000,EXUS-2,378.926621,390.430000,,390.430000,BOND-2,9.918558,9.919243,TBILL-1
1990-05-31,393.801319,393.800000,393.801000,US-1,126.499710,127.413000,,127.413000,EXUS-2,391.637680,401.990000,,401.990000,BOND-2,9.985589,9.986694,TBILL-1
1990-06-30,391.144135,391.140000,391.144000,US-1,125.408238,126.361000,,126.361000,EXUS-2,399.080889,408.440000,,408.440000,BOND-2,10.047617,10.049610,TBILL-1
1990-07-31,389.889984,389.890000,389.890000,US-1,127.259341,128.387000,,128.387000,EXUS-2,404.303973,414.090000,,414.090000,BOND-2,10.115649,10.117948,TBILL-1
1990-08-31,354.647558,354.650000,354.648000,US-1,115.241601,116.154000,,116.154000,EXUS-2,395.736944,408.560000,,408.560000,BOND-2,10.182679,10.184726,TBILL-1
1990-09-30,337.388624,337.390000,337.389000,US-1,99.714991,100.671000,,100.671000,EXUS-2,399.384380,411.940000,,411.940000,BOND-2,10.242707,10.245834,TBILL-1
1990-10-31,335.809769,335.950000,335.810000,US-1,114.338413,115.122000,,115.122000,EXUS-2,405.273498,417.170000,,417.170000,BOND-2,10.312739,10.315506,TBILL-1
1990-11-30,357.667730,357.670000,357.668000,US-1,108.022589,108.723000,,108.723000,EXUS-2,415.318820,426.150000,,426.150000,BOND-2,0.366168,10.374304,TBILL-1
1990-12-31,367.631461,367.630000,367.631000,US-1,109.916254,110.708000,,110.708000,EXUS-2,422.166899,432.790000,,432.790000,BOND-2,10.433795,10.436550,TBILL-1
1991-01-31,383.641915,383.640000,383.642000,US-1,113.308259,114.168000,,114.168000,EXUS-2,427.762634,438.140000,,438.140000,BOND-2,10.487820,10.490820,TBILL-1
1991-02-28,411.077977,411.080000,411.078000,US-1,125.268287,126.430000,,126.430000,EXUS-2,431.687990,441.880000,,441.880000,BOND-2,10.537843,10.541176,TBILL-1
1991-03-31,421.032492,421.030000,421.032000,US-1,118.061539,119.472000,,119.472000,EXUS-2,434.886213,444.920000,,444.920000,BOND-2,10.583864,10.587557,TBILL-1
1991-04-30,422.029290,422.030000,422.029000,US-1,119.267713,120.770000,,120.770000,EXUS-2,440.516962,449.740000,,449.740000,BOND-2,10.639890,10.643672,TBILL-1
1991-05-31,440.235395,440.240000,440.235000,US-1,120.734312,122.485000,,122.485000,EXUS-2,442.595172,452.370000,,452.370000,BOND-2,10.689913,10.693697,TBILL-1
1991-06-30,420.066887,420.070000,420.067000,US-1,112.200916,113.966000,,113.966000,EXUS-2,441.716291,452.140000,,452.140000,BOND-2,10.734933,10.738610,TBILL-1
1991-07-31,439.645540,439.650000,439.646000,US-1,117.552233,119.442000,,119.442000,EXUS-2,448.432402,458.410000,,458.410000,BOND-2,10.786957,10.791229,TBILL-1
1991-08-31,450.061588,450.060000,450.062000,US-1,115.307970,117.391000,,117.391000,EXUS-2,460.252670,468.330000,,468.330000,BOND-2,10.836980,10.840869,TBILL-1
1991-09-30,442.530300,442.530000,442.530000,US-1,121.421081,123.364000,,123.364000,EXUS-2,471.708503,477.820000,,477.820000,BOND-2,10.886003,10.890737,TBILL-1
1991-10-31,448.479897,448.480000,448.480000,US-1,123.348652,125.521000,,125.521000,EXUS-2,475.452940,483.140000,,483.140000,BOND-2,10.933024,10.936478,TBILL-1
1991-11-30,430.409203,430.410000,430.409000,US-1,117.778030,119.930000,,119.930000,EXUS-2,480.916522,487.570000,,487.570000,BOND-2,0.970446,10.979130,TBILL-1
1991-12-31,479.633039,479.630000,479.633000,US-1,123.586712,126.156000,,126.156000,EXUS-2,498.602291,502.050000,,502.050000,BOND-2,11.017063,11.020851,TBILL-1
1992-01-31,470.695174,470.700000,470.695000,US-1,121.188791,124.398000,,124.398000,EXUS-2,489.534015,495.220000,,495.220000,BOND-2,11.054080,11.058322,TBILL-1
1992-02-29,476.791525,476.790000,476.792000,US-1,117.009743,120.578000,,120.578000,EXUS-2,492.782761,498.442000,,498.442000,BOND-2,11.086095,11.089285,TBILL-1
1992-03-31,467.518322,467.520000,467.518000,US-1,109.390356,113.286000,,113.286000,EXUS-2,489.057012,495.634000,,495.634000,BOND-2,11.123112,11.126989,TBILL-1
1992-04-30,481.245215,481.250000,481.245000,US-1,109.826080,113.658000,,113.658000,EXUS-2,491.436759,499.210000,,499.210000,BOND-2,11.159128,11.162595,TBILL-1
1992-05-31,483.603926,483.600000,483.604000,US-1,116.913076,120.559000,,120.559000,EXUS-2,503.290357,508.631000,,508.631000,BOND-2,11.190142,11.193851,TBILL-1
1992-06-30,476.409395,476.410000,476.409000,US-1,111.651212,114.741000,,114.741000,EXUS-2,511.559050,515.629000,,515.629000,BOND-2,11.226159,11.229671,TBILL-1
1992-07-31,495.871779,495.870000,495.872000,US-1,109.060678,112.300000,,112.300000,EXUS-2,525.966625,526.154000,,526.154000,BOND-2,11.260175,11.264483,TBILL-1
1992-08-31,485.723718,485.720000,485.724000,US-1,115.474612,118.289000,,118.289000,EXUS-2,531.967466,531.480000,,531.480000,BOND-2,11.290188,11.293771,TBILL-1
1992-09-30,491.430850,491.430000,491.431000,US-1,112.938904,115.862000,,115.862000,EXUS-2,539.257903,537.785000,,537.785000,BOND-2,11.319202,11.323134,TBILL-1
1992-10-31,493.128810,493.130000,493.129000,US-1,107.386318,110.774000,,110.774000,EXUS-2,530.283195,530.651000,,530.651000,BOND-2,11.345214,11.349178,TBILL-1
1992-11-30,509.920540,509.920000,509.921000,US-1,108.166147,111.387000,,111.387000,EXUS-2,530.699344,530.772000,,530.772000,BOND-2,1.366628,11.375281,TBILL-1
1992-12-31,516.178534,516.180000,516.179000,US-1,108.838488,112.317000,,112.317000,EXUS-2,541.050140,539.212000,,539.212000,BOND-2,11.403240,11.407131,TBILL-1
1993-01-31,520.493976,520.490000,520.494000,US-1,108.798812,112.304000,,112.304000,EXUS-2,555.023170,549.553000,,549.553000,BOND-2,11.430253,11.433368,TBILL-1
1993-02-28,527.587835,527.590000,527.588000,US-1,112.250692,115.741000,,115.741000,EXUS-2,568.930918,559.166000,,559.166000,BOND-2,11.455264,11.458521,TBILL-1
1993-03-31,538.719223,538.720000,538.719000,US-1,121.820013,125.271000,,125.271000,EXUS-2,570.779165,561.505000,,561.505000,BOND-2,11.484278,11.487168,TBILL-1
1993-04-30,525.697746,525.700000,525.698000,US-1,133.149541,136.336000,,136.336000,EXUS-2,574.575526,565.410000,,565.410000,BOND-2,11.511290,11.514737,TBILL-1
1993-05-31,539.760686,539.760000,539.761000,US-1,136.049553,139.371000,,139.371000,EXUS-2,575.048243,566.127000,,566.127000,BOND-2,11.536302,11.540069,TBILL-1
1993-06-30,541.341668,541.340000,541.342000,US-1,134.004395,137.703000,,137.703000,EXUS-2,589.787797,576.386000,,576.386000,BOND-2,11.566315,11.568919,TBILL-1
1993-07-31,539.163742,539.160000,539.164000,US-1,138.560012,142.280000,,142.280000,EXUS-2,593.451216,579.645000,,579.645000,BOND-2,11.593328,11.596685,TBILL-1
1993-08-31,559.621506,559.620000,559.621000,US-1,145.732855,149.916000,,149.916000,EXUS-2,608.954736,589.811000,,589.811000,BOND-2,11.622341,11.625676,TBILL-1
1993-09-30,555.329459,555.330000,555.329000,US-1,142.349506,146.834000,,146.834000,EXUS-2,611.876296,591.431000,,591.431000,BOND-2,11.652355,11.655903,TBILL-1
1993-10-31,566.817454,566.820000,566.817000,US-1,147.127313,152.145000,,152.145000,EXUS-2,614.173996,593.638000,,593.638000,BOND-2,11.678367,11.681546,TBILL-1
1993-11-30,561.414467,561.410000,561.414000,US-1,134.662308,140.558000,,140.558000,EXUS-2,604.976998,588.591000,,588.591000,BOND-2,11.707380,11.710750,TBILL-1
1993-12-31,568.202054,568.200000,568.202000,US-1,144.334067,151.521000,,151.521000,EXUS-2,608.188841,591.781000,,591.781000,BOND-2,11.733392,11.737685,TBILL-1
1994-01-31,587.519810,587.520000,587.520000,US-1,156.357578,163.982000,,163.982000,EXUS-2,618.913825,599.771000,,599.771000,BOND-2,11.763406,11.767029,TBILL-1
1994-02-28,571.573161,571.570000,571.573000,US-1,155.679465,162.742000,,162.742000,EXUS-2,601.901367,589.351000,,589.351000,BOND-2,11.788417,11.791740,TBILL-1
1994-03-31,546.653909,546.650000,546.654000,US-1,149.013043,155.288000,,155.288000,EXUS-2,581.869451,574.819000,,574.819000,BOND-2,11.819432,11.823577,TBILL-1
1994-04-30,553.664111,553.660000,553.664000,US-1,155.074935,160.556000,,160.556000,EXUS-2,576.034487,570.230000,,570.230000,BOND-2,11.851446,11.855501,TBILL-1
1994-05-31,562.750857,562.750000,562.751000,US-1,154.294385,160.610000,,160.610000,EXUS-2,573.847289,570.151000,,570.151000,BOND-2,11.889464,11.893439,TBILL-1
1994-06-30,548.956613,548.960000,548.957000,US-1,156.105811,161.749000,,161.749000,EXUS-2,570.409910,568.889000,,568.889000,BOND-2,11.926481,11.930308,TBILL-1
1994-07-31,566.982642,566.980000,566.983000,US-1,157.855918,164.379000,,164.379000,EXUS-2,584.838740,580.192000,,580.192000,BOND-2,11.959496,11.963713,TBILL-1
1994-08-31,590.228748,590.230000,590.229000,US-1,161.829368,169.910000,,169.910000,EXUS-2,584.354055,580.908000,,580.908000,BOND-2,12.003516,12.007979,TBILL-1
1994-09-30,575.795021,575.800000,575.795000,US-1,157.141736,165.704000,,165.704000,EXUS-2,571.363721,572.359000,,572.359000,BOND-2,12.047536,12.052409,TBILL-1
1994-10-31,588.731423,588.730000,588.731000,US-1,162.125141,170.158000,,170.158000,EXUS-2,569.124886,571.846000,,571.846000,BOND-2,12.093558,12.098208,TBILL-1
1994-11-30,567.290331,567.290000,567.290000,US-1,154.282121,161.950000,,161.950000,EXUS-2,568.145761,570.579000,,570.579000,BOND-2,12.137578,12.142971,TBILL-1
1994-12-31,575.704983,575.710000,575.705000,US-1,155.364215,161.571000,,161.571000,EXUS-2,574.699882,574.524000,,574.524000,BOND-2,12.191603,12.196400,TBILL-1
1995-01-31,590.634982,590.640000,590.635000,US-1,149.269139,154.243000,,154.243000,EXUS-2,587.707561,585.894000,,585.894000,BOND-2,12.242626,12.247625,TBILL-1
1995-02-28,613.652802,613.650000,613.653000,US-1,149.204213,153.399000,,153.399000,EXUS-2,603.410952,599.823000,,599.823000,BOND-2,12.291649,12.296616,TBILL-1
1995-03-31,631.760362,631.760000,631.760000,US-1,158.447463,162.066000,,162.066000,EXUS-2,608.359282,603.500000,,603.500000,BOND-2,12.347674,12.353180,TBILL-1
1995-04-30,650.363485,650.360000,650.363000,US-1,164.334777,168.388000,,168.388000,EXUS-2,618.241693,611.933000,,611.933000,BOND-2,12.402700,12.407534,TBILL-1
1995-05-31,676.356813,676.360000,676.357000,US-1,162.728949,167.644000,,167.644000,EXUS-2,650.763614,635.613000,,635.613000,BOND-2,12.469730,12.474535,TBILL-1
1995-06-30,692.067377,692.070000,692.067000,US-1,160.129759,165.325000,,165.325000,EXUS-2,655.921848,640.272000,,640.272000,BOND-2,12.527757,12.533165,TBILL-1
1995-07-31,715.017846,715.020000,715.018000,US-1,169.870050,174.713000,,174.713000,EXUS-2,651.532784,638.843000,,638.843000,BOND-2,12.584783,12.589564,TBILL-1
1995-08-31,716.815770,716.820000,716.816000,US-1,163.673978,168.651000,,168.651000,EXUS-2,662.134801,646.545000,,646.545000,BOND-2,12.643810,12.648735,TBILL-1
1995-09-30,747.067114,747.070000,747.067000,US-1,166.765161,171.533000,,171.533000,EXUS-2,669.901379,652.840000,,652.840000,BOND-2,12.697835,12.703125,TBILL-1
1995-10-31,744.396459,744.400000,744.396000,US-1,162.441112,166.950000,,166.950000,EXUS-2,680.564973,661.328000,,661.328000,BOND-2,12.757863,12.762829,TBILL-1
1995-11-30,777.074575,777.070000,777.075000,US-1,167.062376,170.871000,,170.871000,EXUS-2,694.495430,671.236000,,671.236000,BOND-2,12.811888,12.816433,TBILL-1
1995-12-31,792.042149,792.040000,792.042000,US-1,173.642231,177.627000,,177.627000,EXUS-2,706.628366,680.660000,,680.660000,BOND-2,12.873916,12.879234,TBILL-1
1996-01-31,819.000372,819.000000,819.000000,US-1,174.702683,180.067000,,180.067000,EXUS-2,707.405072,685.175000,,685.175000,BOND-2,12.928942,12.934614,TBILL-1
1996-02-29,826.594047,826.590000,826.594000,US-1,175.255994,180.074000,,180.074000,EXUS-2,687.673006,673.268000,,673.268000,BOND-2,12.979965,12.985059,TBILL-1
1996-03-31,834.550002,834.550000,834.550000,US-1,179.013026,183.426000,,183.426000,EXUS-2,679.059441,668.586000,,668.586000,BOND-2,13.030988,13.035701,TBILL-1
1996-04-30,846.854720,846.850000,846.855000,US-1,184.345586,188.991000,,188.991000,EXUS-2,671.180959,664.828000,,664.828000,BOND-2,13.090016,13.095665,TBILL-1
1996-05-31,868.694248,868.690000,868.694000,US-1,181.242140,186.153000,,186.153000,EXUS-2,670.524115,663.482000,,663.482000,BOND-2,13.146041,13.150667,TBILL-1
1996-06-30,872.008638,872.010000,872.009000,US-1,182.073910,187.097000,,187.097000,EXUS-2,680.591520,672.394000,,672.394000,BOND-2,13.198065,13.203270,TBILL-1
1996-07-31,833.483016,833.480000,833.483000,US-1,176.789683,180.877000,,180.877000,EXUS-2,681.679928,674.233000,,674.233000,BOND-2,13.258093,13.262685,TBILL-1
1996-08-31,851.064528,851.060000,851.065000,US-1,177.507472,181.938000,,181.938000,EXUS-2,678.684349,673.104000,,673.104000,BOND-2,13.312118,13.317062,TBILL-1
1996-09-30,898.966861,898.970000,898.967000,US-1,182.361026,186.456000,,186.456000,EXUS-2,693.448929,684.826000,,684.826000,BOND-2,13.371145,13.375657,TBILL-1
1996-10-31,923.760627,923.760000,923.761000,US-1,181.190199,184.589000,,184.589000,EXUS-2,713.532724,700.003000,,700.003000,BOND-2,13.427170,13.431834,TBILL-1
1996-11-30,993.584727,993.580000,993.585000,US-1,188.707148,191.710000,,191.710000,EXUS-2,729.048270,711.993000,,711.993000,BOND-2,13.482196,13.486905,TBILL-1
1996-12-31,973.897604,973.900000,973.898000,US-1,186.136092,189.490000,,189.490000,EXUS-2,718.633107,705.372000,,705.372000,BOND-2,13.544224,13.548945,TBILL-1
1997-01-31,1034.742011,1034.740000,1034.742000,US-1,180.379350,186.009000,,186.009000,EXUS-2,718.139496,707.529000,,707.529000,BOND-2,13.605252,13.609915,TBILL-1
1997-02-28,1042.851810,1042.850000,1042.852000,US-1,183.158168,189.420000,,189.420000,EXUS-2,719.401356,709.287000,,709.287000,BOND-2,13.658277,13.662994,TBILL-1
1997-03-31,1000.002947,1000.000000,1000.003000,US-1,183.389015,189.023000,,189.023000,EXUS-2,706.581342,701.425000,,701.425000,BOND-2,13.716303,13.721745,TBILL-1
1997-04-30,1059.700965,1059.700000,1059.701000,US-1,184.560563,190.617000,,190.617000,EXUS-2,718.566013,711.933000,,711.933000,BOND-2,13.775330,13.780748,TBILL-1
1997-05-31,1124.219914,1124.220000,1124.220000,US-1,196.777407,202.391000,,202.391000,EXUS-2,726.306229,718.661000,,718.661000,BOND-2,13.843362,13.848274,TBILL-1
1997-06-30,1174.587303,1174.590000,1174.587000,US-1,207.331434,213.558000,,213.558000,EXUS-2,737.457054,727.194000,,727.194000,BOND-2,13.894385,13.899512,TBILL-1
1997-07-31,1268.046019,1268.050000,1268.046000,US-1,211.184411,217.882000,,217.882000,EXUS-2,768.610944,746.795000,,746.795000,BOND-2,13.954413,13.959280,TBILL-1
1997-08-31,1197.008178,1197.010000,1197.008000,US-1,195.675114,200.742000,,200.742000,EXUS-2,754.544755,740.432000,,740.432000,BOND-2,14.011439,14.016513,TBILL-1
1997-09-30,1262.563627,1262.560000,1262.564000,US-1,206.704540,211.595000,,211.595000,EXUS-2,769.333314,751.355000,,751.355000,BOND-2,14.073467,14.078186,TBILL-1
1997-10-31,1220.397493,1220.400000,1220.397000,US-1,191.157731,193.580000,,193.580000,EXUS-2,782.773075,762.254000,,762.254000,BOND-2,14.133495,14.137314,TBILL-1
1997-11-30,1276.893137,1276.890000,1276.893000,US-1,189.064239,191.161000,,191.161000,EXUS-2,787.478174,765.763000,,765.763000,BOND-2,14.188520,14.192450,TBILL-1
1997-12-31,1298.821994,1298.820000,1298.822000,US-1,190.908128,193.361000,,193.361000,EXUS-2,798.515695,773.468000,,773.468000,BOND-2,14.256552,14.260574,TBILL-1
1998-01-31,1313.187660,1313.190000,1313.188000,US-1,199.090925,199.145000,,199.145000,EXUS-2,810.842953,783.397000,,783.397000,BOND-2,14.317580,14.321894,TBILL-1
1998-02-28,1407.901236,1407.900000,1407.901000,US-1,212.103470,212.433000,,212.433000,EXUS-2,809.250239,782.807000,,782.807000,BOND-2,14.373605,14.377749,TBILL-1
1998-03-31,1479.998264,1480.000000,1479.998000,US-1,219.118326,219.773000,,219.773000,EXUS-2,811.926523,785.501000,,785.501000,BOND-2,14.429631,14.433823,TBILL-1
1998-04-30,1494.887852,1494.890000,1494.888000,US-1,220.870598,221.347000,,221.347000,EXUS-2,816.483714,789.603000,,789.603000,BOND-2,14.491660,14.495888,TBILL-1
1998-05-31,1469.194415,1469.190000,1469.194000,US-1,219.773354,217.333000,,217.333000,EXUS-2,826.952679,797.090000,,797.090000,BOND-2,14.550687,14.553872,TBILL-1
1998-06-30,1528.871164,1528.870000,1528.871000,US-1,220.990350,216.516000,,216.516000,EXUS-2,835.261442,803.852000,,803.852000,BOND-2,14.609714,14.613543,TBILL-1
1998-07-31,1512.591305,1512.590000,1512.591000,US-1,222.485082,218.574000,,218.574000,EXUS-2,833.343230,805.558000,,805.558000,BOND-2,14.668741,14.671997,TBILL-1
1998-08-31,1293.903935,1293.900000,1293.904000,US-1,194.121226,187.750000,,187.750000,EXUS-2,846.820451,818.669000,,818.669000,BOND-2,14.731770,14.735086,TBILL-1
1998-09-30,1376.793468,1376.790000,1376.793000,US-1,188.629237,183.784000,,183.784000,EXUS-2,878.961224,837.836000,,837.836000,BOND-2,14.798801,14.802868,TBILL-1
1998-10-31,1488.783702,1488.780000,1488.784000,US-1,208.322632,203.035000,,203.035000,EXUS-2,870.374973,833.415000,,833.415000,BOND-2,14.846823,14.850237,TBILL-1
1998-11-30,1579.015940,1579.020000,1579.016000,US-1,218.930042,213.946000,,213.946000,EXUS-2,881.081052,838.135000,,838.135000,BOND-2,14.892844,14.896273,TBILL-1
1998-12-31,1670.006764,1670.010000,1670.007000,US-1,227.384084,221.317000,,221.317000,EXUS-2,882.929510,840.656000,,840.656000,BOND-2,14.948870,14.952878,TBILL-1
1999-01-31,1739.840081,1739.840000,1739.840000,US-1,227.480030,221.080000,,221.080000,EXUS-2,891.369607,846.660000,,846.660000,BOND-2,15.000894,15.005214,TBILL-1
1999-02-28,1685.767665,1685.770000,1685.768000,US-1,221.811298,216.130000,,216.130000,EXUS-2,860.576522,831.878000,,831.878000,BOND-2,15.054919,15.057732,TBILL-1
1999-03-31,1753.213203,1753.210000,1753.213000,US-1,231.119474,226.565000,,226.565000,EXUS-2,863.674762,836.493000,,836.493000,BOND-2,15.118948,15.122480,TBILL-1
1999-04-30,1821.106804,1821.110000,1821.107000,US-1,241.084841,237.897000,,237.897000,EXUS-2,863.131744,839.145000,,839.145000,BOND-2,15.174974,15.178433,TBILL-1
1999-05-31,1778.104097,1778.100000,1778.104000,US-1,228.960335,226.723000,,226.723000,EXUS-2,848.933059,831.792000,,831.792000,BOND-2,15.225997,15.230040,TBILL-1
1999-06-30,1876.784307,1876.780000,1876.784000,US-1,237.965524,237.141000,,237.141000,EXUS-2,841.876619,829.135000,,829.135000,BOND-2,15.287025,15.290960,TBILL-1
1999-07-31,1818.182342,1818.180000,1818.182000,US-1,244.871450,242.703000,,242.703000,EXUS-2,835.993401,825.613000,,825.613000,BOND-2,15.345052,15.349066,TBILL-1
1999-08-31,1809.187051,1809.190000,1809.187000,US-1,245.623866,243.545000,,243.545000,EXUS-2,835.183624,825.194000,,825.194000,BOND-2,15.404079,15.408927,TBILL-1
1999-09-30,1759.590303,1759.590000,1759.590000,US-1,248.331987,245.192000,,245.192000,EXUS-2,843.104686,834.769000,,834.769000,BOND-2,15.464107,15.469022,TBILL-1
1999-10-31,1870.938219,1870.940000,1870.938000,US-1,257.982104,254.322000,,254.322000,EXUS-2,845.236478,837.849000,,837.849000,BOND-2,15.524134,15.529351,TBILL-1
1999-11-30,1908.971113,1908.970000,1908.971000,US-1,267.057990,264.491000,,264.491000,EXUS-2,843.756370,837.791000,,837.791000,BOND-2,15.580160,15.585257,TBILL-1
1999-12-31,2021.401612,2021.400000,2021.402000,US-1,291.666979,289.716000,,289.716000,EXUS-2,836.967288,833.751000,,833.751000,BOND-2,15.648191,15.653832,TBILL-1
2000-01-31,1919.841604,1919.840000,1919.842000,US-1,273.997821,273.995000,,273.995000,EXUS-2,,831.024000,,831.024000,BOND-2,15.713221,15.718013,TBILL-1
2000-02-29,1883.500290,1883.500000,1883.500000,US-1,281.818478,281.396000,,281.396000,EXUS-2,,841.072000,,841.072000,BOND-2,15.781252,15.785600,TBILL-1
2000-03-31,2067.760538,2067.760000,2067.760000,US-1,293.440170,291.986000,,291.986000,EXUS-2,,852.146000,,852.146000,BOND-2,15.855286,15.859792,TBILL-1
2000-04-30,2005.549964,2005.550000,2005.550000,US-1,278.272815,275.689000,,275.689000,EXUS-2,,849.714000,,849.714000,BOND-2,15.927319,15.932747,TBILL-1
2000-05-31,1964.402607,1964.400000,1964.403000,US-1,271.585472,268.637000,,268.637000,EXUS-2,,849.324000,,849.324000,BOND-2,16.008357,16.012411,TBILL-1
2000-06-30,2012.830989,2012.830000,2012.831000,US-1,283.387514,280.075000,,280.075000,EXUS-2,,866.993000,,866.993000,BOND-2,16.071386,16.076461,TBILL-1
2000-07-31,1981.362359,1981.360000,1981.362000,US-1,272.609855,269.018000,,269.018000,EXUS-2,,874.862000,,874.862000,BOND-2,16.148421,16.153628,TBILL-1
2000-08-31,2104.433646,2104.430000,2104.434000,US-1,276.226214,272.345000,,272.345000,EXUS-2,,887.545000,,887.545000,BOND-2,16.230459,16.234396,TBILL-1
2000-09-30,1993.333157,1993.330000,1993.333000,US-1,261.970704,257.238000,,257.238000,EXUS-2,,893.124000,,893.124000,BOND-2,16.312496,16.317191,TBILL-1
2000-10-31,1984.905744,1984.910000,1984.906000,US-1,254.883707,249.062000,,249.062000,EXUS-2,,899.026000,,899.026000,BOND-2,16.404539,16.408568,TBILL-1
2000-11-30,1828.416896,1828.420000,1828.417000,US-1,244.668737,237.888000,,237.888000,EXUS-2,,913.730000,,913.730000,BOND-2,16.487577,16.492251,TBILL-1
2000-12-31,1837.365395,1837.370000,1837.365000,US-1,253.292307,246.012000,,246.012000,EXUS-2,,930.684000,,930.684000,BOND-2,16.570615,16.574713,TBILL-1
2001-01-31,1902.553603,1902.550000,1902.554000,US-1,253.771315,249.702000,,249.702000,EXUS-2,,945.897000,,945.897000,BOND-2,16.659656,16.664216,TBILL-1
2001-02-28,1729.075934,1729.080000,1729.076000,US-1,233.693415,229.933000,,229.933000,EXUS-2,,954.138000,,954.138000,BOND-2,16.722685,16.727540,TBILL-1
2001-03-31,1619.538703,1619.540000,1619.539000,US-1,217.953272,213.680000,,213.680000,EXUS-2,,958.926000,,958.926000,BOND-2,16.791717,16.797796,TBILL-1
2001-04-30,1745.393369,1745.390000,1745.393000,US-1,233.252642,228.213000,,228.213000,EXUS-2,,954.946000,,954.946000,BOND-2,16.857747,16.863307,TBILL-1
2001-05-31,1757.086963,1757.090000,1757.087000,US-1,225.755171,221.911000,,221.911000,EXUS-2,,960.714000,,960.714000,BOND-2,16.912772,16.917270,TBILL-1
2001-06-30,1714.321758,1714.320000,1714.322000,US-1,216.634559,213.400000,,213.400000,EXUS-2,,964.339000,,964.339000,BOND-2,16.959794,16.964638,TBILL-1
2001-07-31,1697.445662,1697.450000,1697.446000,US-1,212.848672,208.652000,,208.652000,EXUS-2,,985.898000,,985.898000,BOND-2,17.011818,17.015532,TBILL-1
2001-08-31,1591.183119,1591.180000,1591.183000,US-1,207.212403,203.470000,,203.470000,EXUS-2,,997.195000,,997.195000,BOND-2,17.063842,17.068280,TBILL-1
2001-09-30,1462.691121,1462.690000,1462.691000,US-1,186.348182,181.884000,,181.884000,EXUS-2,,1008.810000,,1008.810000,BOND-2,17.110863,17.116071,TBILL-1
2001-10-31,1490.583044,1490.580000,1490.583000,US-1,190.907406,186.980000,,186.980000,EXUS-2,,1029.924000,,1029.924000,BOND-2,17.149881,17.153727,TBILL-1
2001-11-30,1604.919938,1604.920000,1604.920000,US-1,198.426519,195.532000,,195.532000,EXUS-2,,1015.723000,,1015.723000,BOND-2,17.179895,17.182888,TBILL-1
2001-12-31,1618.980042,1618.980000,1618.980000,US-1,199.706997,198.051000,,198.051000,EXUS-2,,1009.266000,,1009.266000,BOND-2,17.204907,17.208662,TBILL-1
2002-01-31,1595.353934,1595.350000,1595.354000,US-1,189.566331,189.569000,,189.569000,EXUS-2,,1017.437000,,1017.437000,BOND-2,17.228918,17.232754,TBILL-1
2002-02-28,1564.587176,1564.590000,1564.587000,US-1,190.733550,190.934000,,190.934000,EXUS-2,,1027.296000,,1027.296000,BOND-2,17.250928,17.255157,TBILL-1
2002-03-31,1623.430187,1623.430000,1623.430000,US-1,200.967998,201.306000,,201.306000,EXUS-2,,1010.210000,,1010.210000,BOND-2,17.273938,17.277589,TBILL-1
2002-04-30,1525.004494,1525.000000,1525.004000,US-1,202.273725,202.614000,,202.614000,EXUS-2,,1029.801000,,1029.801000,BOND-2,17.300951,17.303505,TBILL-1
2002-05-31,1513.769597,1513.770000,1513.770000,US-1,205.100877,204.821000,,204.821000,EXUS-2,,1038.550000,,1038.550000,BOND-2,17.325962,17.327730,TBILL-1
2002-06-30,1405.944505,1405.940000,1405.944000,US-1,196.835840,195.977000,,195.977000,EXUS-2,,1047.534000,,1047.534000,BOND-2,17.347972,17.350256,TBILL-1
2002-07-31,1296.344886,1296.340000,1296.345000,US-1,177.285282,176.878000,,176.878000,EXUS-2,,1060.170000,,1060.170000,BOND-2,17.374985,17.376281,TBILL-1
2002-08-31,1304.855956,1304.860000,1304.856000,US-1,177.052992,176.889000,,176.889000,EXUS-2,,1078.067000,,1078.067000,BOND-2,17.398996,17.400608,TBILL-1
2002-09-30,1163.045426,1163.040000,1163.045000,US-1,158.321218,158.144000,,158.144000,EXUS-2,,1095.531000,,1095.531000,BOND-2,17.424007,17.424969,TBILL-1
2002-10-31,1265.411522,1265.410000,1265.411000,US-1,166.652623,166.628000,,166.628000,EXUS-2,,1090.537000,,1090.537000,BOND-2,17.448018,17.449364,TBILL-1
2002-11-30,1339.892784,1339.890000,1339.893000,US-1,174.348478,174.641000,,174.641000,EXUS-2,,1090.249000,,1090.249000,BOND-2,17.468027,17.470303,TBILL-1
2002-12-31,1261.176901,1261.180000,1261.177000,US-1,168.730244,168.999000,,168.999000,EXUS-2,,1112.766000,,1112.766000,BOND-2,17.488037,17.489521,TBILL-1
2003-01-31,1228.138633,1228.140000,1228.139000,US-1,162.317032,163.066000,,163.066000,EXUS-2,,1113.718000,,1113.718000,BOND-2,17.505044,17.507010,TBILL-1
2003-02-28,1209.712041,1209.710000,1209.712000,US-1,159.135675,159.762000,,159.762000,EXUS-2,,1129.135000,,1129.135000,BOND-2,17.520051,17.522766,TBILL-1
2003-03-31,1221.457389,1221.460000,1221.457000,US-1,156.186607,156.663000,,156.663000,EXUS-2,,1128.262000,,1128.262000,BOND-2,17.538060,17.540289,TBILL-1
2003-04-30,1322.068808,1322.070000,1322.069000,US-1,171.346027,171.759000,,171.759000,EXUS-2,,1137.574000,,1137.574000,BOND-2,17.555067,17.557829,TBILL-1
2003-05-31,1391.725594,1391.720000,1391.726000,US-1,182.128015,182.701000,,182.701000,EXUS-2,,1158.784000,,1158.784000,BOND-2,17.571075,17.573631,TBILL-1
2003-06-30,1409.478673,1409.480000,1409.479000,US-1,186.658383,187.758000,,187.758000,EXUS-2,,1156.482000,,1156.482000,BOND-2,17.588083,17.591205,TBILL-1
2003-07-31,1434.329865,1434.330000,1434.330000,US-1,190.969446,192.761000,,192.761000,EXUS-2,,1117.601000,,1117.601000,BOND-2,17.600088,17.603519,TBILL-1
2003-08-31,1462.302610,1462.300000,1462.303000,US-1,195.930488,198.505000,,198.505000,EXUS-2,,1125.018000,,1125.018000,BOND-2,17.612094,17.615841,TBILL-1
2003-09-30,1446.773540,1446.770000,1446.774000,US-1,201.850265,204.063000,,204.063000,EXUS-2,,1154.797000,1186.536912,1154.797000,BOND-2,17.627101,17.629934,TBILL-1
2003-10-31,1528.617356,1528.620000,1528.617000,US-1,214.505719,217.291000,,217.291000,EXUS-2,,1144.034000,1175.446306,1144.034000,BOND-2,17.639106,17.642275,TBILL-1
2003-11-30,1542.067046,1542.070000,1542.067000,US-1,219.401835,222.029000,,222.029000,EXUS-2,,1146.770000,1179.375458,1146.770000,BOND-2,17.652112,17.654625,TBILL-1
2003-12-31,1622.939587,1622.940000,1622.940000,US-1,236.242108,238.980000,,238.980000,EXUS-2,,1158.439000,1190.925691,1158.439000,BOND-2,17.667119,17.668748,TBILL-1
2004-01-31,1652.729397,1652.730000,1652.729000,US-1,239.551874,242.818000,,242.818000,EXUS-2,,1167.761000,1196.171864,1167.761000,BOND-2,17.679124,17.681116,TBILL-1
2004-02-29,1675.701135,1675.700000,1675.701000,US-1,245.104461,248.992000,,248.992000,EXUS-2,,1180.397000,1209.825998,1180.397000,BOND-2,17.690130,17.691725,TBILL-1
2004-03-31,1650.421022,1650.420000,1650.421000,US-1,246.428223,250.524000,,250.524000,EXUS-2,,1189.245000,1218.098178,1189.245000,BOND-2,17.705136,17.707648,TBILL-1
2004-04-30,1624.512770,1624.510000,1624.513000,US-1,240.178046,242.738000,,242.738000,EXUS-2,,1158.298000,1183.913089,1158.298000,BOND-2,17.719143,17.721814,TBILL-1
2004-05-31,1646.804614,1646.800000,1646.805000,US-1,241.526335,243.506000,,243.506000,EXUS-2,,1153.661000,1179.437134,1153.661000,BOND-2,17.730148,17.732447,TBILL-1
2004-06-30,1678.826942,1678.830000,1678.827000,US-1,247.203002,248.784000,,248.784000,EXUS-2,,1160.179000,1188.028191,1160.179000,BOND-2,17.745155,17.746633,TBILL-1
2004-07-31,1623.263581,1623.260000,1623.264000,US-1,239.701203,241.534000,,241.534000,EXUS-2,,1171.681000,1199.016801,1171.681000,BOND-2,17.762163,17.764379,TBILL-1
2004-08-31,1629.829265,1629.830000,1629.829000,US-1,240.755163,243.468000,,243.468000,EXUS-2,,1194.033000,1218.423314,1194.033000,BOND-2,17.782172,17.783920,TBILL-1
2004-09-30,1647.481672,1647.480000,1647.482000,US-1,247.812582,251.296000,,251.296000,EXUS-2,,1197.270000,1224.721851,1197.270000,BOND-2,17.802181,17.803483,TBILL-1
2004-10-31,1672.649769,1672.650000,1672.650000,US-1,256.736974,260.036000,,260.036000,EXUS-2,,1207.309000,1235.336169,1207.309000,BOND-2,17.822190,17.823066,TBILL-1
2004-11-30,1740.327846,1740.330000,1740.328000,US-1,273.885284,278.085000,,278.085000,EXUS-2,,1197.679000,1226.205214,1197.679000,BOND-2,17.850203,17.849801,TBILL-1
2004-12-31,1799.549442,1799.550000,1799.549000,US-1,285.479563,290.025000,,290.025000,EXUS-2,,1208.701000,1235.981653,1208.701000,BOND-2,17.879216,17.878361,TBILL-1
2005-01-31,1755.685348,1755.680000,1755.685000,US-1,279.882250,285.030000,,285.030000,EXUS-2,,1216.285000,1242.016823,1216.285000,BOND-2,17.908230,17.906966,TBILL-1
2005-02-28,1792.632115,1792.630000,1792.632000,US-1,292.399917,299.089000,,299.089000,EXUS-2,,1209.112000,1237.403616,1209.112000,BOND-2,17.938244,17.935617,TBILL-1
2005-03-31,1760.888409,1760.890000,1760.888000,US-1,285.876331,290.976000,,290.976000,EXUS-2,,1202.896000,1225.348741,1202.896000,BOND-2,17.976261,17.973282,TBILL-1
2005-04-30,1727.492116,1727.490000,1727.492000,US-1,278.893937,283.800000,,283.800000,EXUS-2,,1219.175000,1246.460007,1219.175000,BOND-2,18.013278,18.011026,TBILL-1
2005-05-31,1782.458532,1782.460000,1782.458000,US-1,279.683866,285.578000,,285.578000,EXUS-2,,1232.365000,1256.774964,1232.365000,BOND-2,18.056298,18.054252,TBILL-1
2005-06-30,1784.988812,1784.990000,1784.989000,US-1,284.370777,290.953000,,290.953000,EXUS-2,,1239.086000,1267.787968,1239.086000,BOND-2,18.097317,18.095777,TBILL-1
2005-07-31,1851.369491,1851.370000,1851.369000,US-1,293.574350,301.688000,,301.688000,EXUS-2,,1227.815000,1254.660109,1227.815000,BOND-2,18.140336,18.139207,TBILL-1
2005-08-31,1834.477799,1834.480000,1834.478000,US-1,301.767247,309.409000,,309.409000,EXUS-2,,1243.555000,1269.484621,1243.555000,BOND-2,18.194361,18.193625,TBILL-1
2005-09-30,1849.336193,1849.330000,1849.336000,US-1,315.604348,325.369000,,325.369000,EXUS-2,,1230.735000,1257.595996,1230.735000,BOND-2,18.246385,18.246386,TBILL-1
2005-10-31,1818.505628,1818.500000,1818.506000,US-1,305.429775,313.524000,,313.524000,EXUS-2,,1220.999000,1245.133781,1220.999000,BOND-2,18.296408,18.295651,TBILL-1
2005-11-30,1887.285430,1887.280000,1887.285000,US-1,313.605359,324.065000,,324.065000,EXUS-2,,1226.402000,1249.796606,1226.402000,BOND-2,18.353434,18.352368,TBILL-1
2005-12-31,1887.942636,1887.940000,1887.943000,US-1,328.175398,339.657000,,339.657000,EXUS-2,,1238.055000,1263.971859,1238.055000,BOND-2,18.411461,18.411096,TBILL-1
2006-01-31,1937.931440,1937.930000,1937.931000,US-1,348.958101,363.339000,,363.339000,EXUS-2,,1238.131000,1263.218947,1238.131000,BOND-2,18.476491,18.475534,TBILL-1
2006-02-28,1943.189091,1943.190000,1943.189000,US-1,347.846430,362.290000,,362.290000,EXUS-2,,1242.236000,1265.247915,1242.236000,BOND-2,18.538519,18.538351,TBILL-1
2006-03-31,1967.377405,1967.380000,1967.377000,US-1,359.048270,372.813000,,372.813000,EXUS-2,,1230.048000,1254.272837,1230.048000,BOND-2,18.606551,18.606943,TBILL-1
2006-04-30,1993.794691,1993.790000,1993.795000,US-1,376.467824,392.036000,,392.036000,EXUS-2,,1227.821000,1252.404411,1227.821000,BOND-2,18.672581,18.673928,TBILL-1
2006-05-31,1936.410720,1936.410000,1936.411000,US-1,362.597539,373.962000,,373.962000,EXUS-2,,1226.506000,1249.917749,1226.506000,BOND-2,18.753618,18.754226,TBILL-1
2006-06-30,1939.036000,1939.030000,1939.036000,US-1,362.291667,373.589000,,373.589000,EXUS-2,,1229.109000,1247.906824,1229.109000,BOND-2,18.827652,18.829243,TBILL-1
2006-07-31,1950.996873,1951.000000,1950.997000,US-1,365.732727,377.411000,,377.411000,EXUS-2,,1245.726000,1265.240182,1245.726000,BOND-2,18.902687,18.904560,TBILL-1
2006-08-31,1997.416770,1997.420000,1997.417000,US-1,376.233370,388.108000,,388.108000,EXUS-2,,1264.799000,1285.368217,1264.799000,BOND-2,18.982724,18.983959,TBILL-1
2006-09-30,2048.890137,2048.890000,2048.890000,US-1,376.011180,388.360000,,388.360000,EXUS-2,,1275.909000,1298.371342,1275.909000,BOND-2,19.059759,19.061793,TBILL-1
2006-10-31,2115.655782,2115.650000,2115.656000,US-1,390.909455,404.174000,,404.174000,EXUS-2,,1284.351000,1307.274923,1284.351000,BOND-2,19.136794,19.139947,TBILL-1
2006-11-30,2155.887163,2155.890000,2155.887000,US-1,402.667491,418.848000,,418.848000,EXUS-2,,1299.253000,1321.156431,1299.253000,BOND-2,19.217832,19.220334,TBILL-1
2006-12-31,2186.129290,2186.130000,2186.129000,US-1,414.251672,431.901000,,431.901000,EXUS-2,,1291.709000,1313.222550,1291.709000,BOND-2,19.295867,19.297216,TBILL-1
2007-01-31,2219.190954,2219.190000,2219.191000,US-1,416.817678,433.514000,,433.514000,EXUS-2,,1291.176000,1312.302744,1291.176000,BOND-2,19.380907,19.382123,TBILL-1
2007-02-28,2175.786266,2175.780000,2175.786000,US-1,420.219061,436.163000,,436.163000,EXUS-2,,1311.087000,1333.631350,1311.087000,BOND-2,19.455941,19.455775,TBILL-1
2007-03-31,2200.122043,2200.120000,2200.122000,US-1,431.187890,448.452000,,448.452000,EXUS-2,,1311.129000,1331.028975,1311.129000,BOND-2,19.537979,19.539435,TBILL-1
2007-04-30,2297.577170,2297.580000,2297.577000,US-1,451.179943,469.248000,,469.248000,EXUS-2,,1318.200000,1338.879271,1318.200000,BOND-2,19.624018,19.625409,TBILL-1
2007-05-31,2377.751385,2377.750000,2377.751000,US-1,461.775090,482.110000,,482.110000,EXUS-2,,1308.205000,1326.597851,1308.205000,BOND-2,19.703055,19.705873,TBILL-1
2007-06-30,2338.248815,2338.250000,2338.249000,US-1,462.395490,486.216000,,486.216000,EXUS-2,,1304.338000,1321.598384,1304.338000,BOND-2,19.782091,19.784697,TBILL-1
2007-07-31,2265.751934,2265.750000,2265.752000,US-1,456.058025,484.830000,,484.830000,EXUS-2,,1315.219000,1335.781921,1315.219000,BOND-2,19.860127,19.863835,TBILL-1
2007-08-31,2299.716104,2299.710000,2299.716000,US-1,449.574116,477.386000,,477.386000,EXUS-2,,1331.340000,1352.871704,1331.340000,BOND-2,19.943165,19.947263,TBILL-1
2007-09-30,2385.722936,2385.720000,2385.723000,US-1,475.214701,508.999000,,508.999000,EXUS-2,,1341.438000,1361.433948,1341.438000,BOND-2,20.007194,20.011095,TBILL-1
2007-10-31,2423.672173,2423.670000,2423.672000,US-1,495.933921,537.411000,,537.411000,EXUS-2,,1353.489000,1375.157307,1353.489000,BOND-2,20.072224,20.075130,TBILL-1
2007-11-30,2322.346122,2322.340000,2322.346000,US-1,476.673364,513.263000,,513.263000,EXUS-2,,1377.827000,1399.958108,1377.827000,BOND-2,20.140255,20.143386,TBILL-1
2007-12-31,2306.234995,2306.230000,2306.235000,US-1,467.760514,505.844000,,505.844000,EXUS-2,,1381.698000,1399.828311,1381.698000,BOND-2,20.195281,20.197773,TBILL-1
2008-01-31,2167.903334,2167.900000,2167.903000,US-1,425.643239,456.899000,,456.899000,EXUS-2,,1404.913000,1432.204994,1404.913000,BOND-2,20.238301,20.240188,TBILL-1
2008-02-29,2097.477326,2097.480000,2097.477000,US-1,433.492030,470.140000,,470.140000,EXUS-2,,1406.857000,1429.913027,1406.857000,BOND-2,20.265313,20.266500,TBILL-1
2008-03-31,2088.420356,2088.420000,2088.420000,US-1,427.517427,460.002000,,460.002000,EXUS-2,,1411.656000,1431.767092,1411.656000,BOND-2,20.300329,20.300953,TBILL-1
2008-04-30,2190.132790,2190.130000,2190.133000,US-1,451.799623,488.311000,547.050163,488.311000,EXUS-2,,1408.708000,1436.457533,1408.708000,BOND-2,20.335345,20.337495,TBILL-1
2008-05-31,2218.500426,2218.500000,2218.500000,US-1,459.461572,496.773000,551.371328,496.773000,EXUS-2,,1398.376000,1418.283259,1398.376000,BOND-2,20.372362,20.374103,TBILL-1
2008-06-30,2031.473105,2031.470000,2031.473000,US-1,423.843356,456.055000,504.845776,456.055000,EXUS-2,,1397.255000,1415.661093,1397.255000,BOND-2,20.407378,20.408739,TBILL-1
2008-07-31,2014.396373,2014.390000,2014.396000,US-1,408.808016,439.745000,485.652716,439.745000,EXUS-2,,1396.113000,1421.236728,1396.113000,BOND-2,20.438392,20.439352,TBILL-1
2008-08-31,2043.533940,2043.530000,2043.534000,US-1,393.112599,419.293000,461.736897,419.293000,EXUS-2,,1409.358000,1431.784122,1409.358000,BOND-2,20.464404,20.465923,TBILL-1
2008-09-30,1861.440275,1861.440000,1861.440000,US-1,336.494539,356.439000,401.042948,356.439000,EXUS-2,,1390.429000,1406.586567,1390.429000,BOND-2,20.495419,20.496622,TBILL-1
2008-10-31,1548.814932,1548.810000,1548.815000,US-1,266.528485,277.992000,308.796008,277.992000,EXUS-2,,1357.610000,1374.502801,1357.610000,BOND-2,20.512427,20.513019,TBILL-1
2008-11-30,1437.680413,1437.680000,1437.680000,US-1,252.202999,262.025000,287.191312,262.025000,EXUS-2,,1401.798000,1416.071011,1401.798000,BOND-2,20.518429,20.519173,TBILL-1
2008-12-31,1452.977653,1452.980000,1452.978000,US-1,265.541615,277.004000,308.737337,277.004000,EXUS-2,,1454.102000,1510.414394,1454.102000,BOND-2,20.518429,20.519173,TBILL-1
2009-01-31,1330.511109,1330.510000,1330.511000,US-1,240.816481,252.589000,267.331301,252.589000,EXUS-2,,1441.268000,1480.408844,1441.268000,BOND-2,20.518429,20.519173,TBILL-1
2009-02-28,1188.841662,1188.840000,1188.842000,US-1,216.521300,229.094000,241.603042,229.094000,EXUS-2,,1435.826000,1464.786038,1435.826000,BOND-2,20.521431,20.521225,TBILL-1
2009-03-31,1292.978032,1292.980000,1292.978000,US-1,230.905219,247.589000,266.828737,247.589000,EXUS-2,,1455.786000,1480.943035,1455.786000,BOND-2,20.524432,20.525329,TBILL-1
2009-04-30,1416.728503,1416.730000,1416.728000,US-1,261.032167,281.638000,303.410924,281.638000,EXUS-2,,1462.754000,1488.572217,1462.754000,BOND-2,20.527433,20.527382,TBILL-1
2009-05-31,1495.969726,1495.970000,1495.970000,US-1,294.493409,320.189000,346.626129,320.189000,EXUS-2,,1473.360000,1499.137193,1473.360000,BOND-2,20.527433,20.527382,TBILL-1
2009-06-30,1498.937435,1498.940000,1498.937000,US-1,291.539291,316.757000,339.514557,316.757000,EXUS-2,,1481.735000,1505.443923,1481.735000,BOND-2,20.529434,20.529434,TBILL-1
2009-07-31,1612.312978,1612.310000,1612.313000,US-1,318.963168,347.820000,376.216093,347.820000,EXUS-2,,1505.641000,1524.549787,1505.641000,BOND-2,20.531435,20.531487,TBILL-1
2009-08-31,1670.524305,1670.520000,1670.524000,US-1,334.307987,360.762000,386.746071,360.762000,EXUS-2,,1521.230000,1543.152022,1521.230000,BOND-2,20.534437,20.533540,TBILL-1
2009-09-30,1732.860365,1732.860000,1732.860000,US-1,348.178272,379.369000,407.601471,379.369000,EXUS-2,,1537.213000,1561.488220,1537.213000,BOND-2,20.536438,20.535594,TBILL-1
2009-10-31,1700.668596,1700.670000,1700.669000,US-1,342.619193,374.703000,395.742492,374.703000,EXUS-2,,1544.805000,1564.952406,1544.805000,BOND-2,20.536438,20.535594,TBILL-1
2009-11-30,1802.680921,1802.680000,1802.681000,US-1,351.190101,385.527000,414.962148,385.527000,EXUS-2,,1564.802000,1585.082465,1564.802000,BOND-2,20.536438,20.535594,TBILL-1
2009-12-31,1837.500806,1837.500000,1837.501000,US-1,356.853061,393.734000,421.107696,393.734000,EXUS-2,,1540.336000,1555.263326,1540.336000,BOND-2,20.538438,20.537647,TBILL-1
2010-01-31,1771.398748,1771.400000,1771.399000,US-1,340.161396,374.538000,396.506181,374.538000,EXUS-2,,1563.869000,1577.268163,1563.869000,BOND-2,20.538438,20.537647,TBILL-1
2010-02-28,1826.271581,1826.270000,1826.272000,US-1,339.861295,374.591000,401.652993,374.591000,EXUS-2,,1569.708000,1580.398744,1569.708000,BOND-2,20.538438,20.537647,TBILL-1
2010-03-31,1936.478071,1936.480000,1936.478000,US-1,361.956218,400.267000,429.136633,400.267000,EXUS-2,,1567.780000,1580.290857,1567.780000,BOND-2,20.540439,20.539701,TBILL-1
2010-04-30,1967.050574,1967.050000,1967.051000,US-1,356.849454,397.014000,419.357777,397.014000,EXUS-2,,1584.103000,1595.670916,1584.103000,BOND-2,20.542440,20.541755,TBILL-1
2010-05-31,1809.980378,1809.980000,1809.980000,US-1,317.933014,355.668000,376.125136,355.668000,EXUS-2,,1597.427000,1612.943611,1597.427000,BOND-2,20.544441,20.543809,TBILL-1
2010-06-30,1715.231354,1715.230000,1715.231000,US-1,313.422845,351.198000,366.848874,351.198000,EXUS-2,,1622.477000,1641.472149,1622.477000,BOND-2,20.547443,20.545864,TBILL-1
2010-07-31,1835.405119,1835.400000,1835.405000,US-1,342.438122,383.009000,407.656125,383.009000,EXUS-2,,1639.795000,1655.503061,1639.795000,BOND-2,20.550444,20.547918,TBILL-1
2010-08-31,1752.547489,1752.550000,1752.547000,US-1,332.259222,372.564000,391.792400,372.564000,EXUS-2,,1660.892000,1676.805155,1660.892000,BOND-2,20.553445,20.549973,TBILL-1
2010-09-30,1908.952680,1908.950000,1908.953000,US-1,364.220681,409.715000,431.764875,409.715000,EXUS-2,,1662.664000,1676.928508,1662.664000,BOND-2,20.555446,20.552028,TBILL-1
2010-10-31,1981.587100,1981.590000,1981.587000,US-1,377.232504,423.712000,446.793611,423.712000,EXUS-2,,1668.581000,1679.481725,1668.581000,BOND-2,20.558448,20.554083,TBILL-1
2010-11-30,1981.840908,1981.840000,1981.841000,US-1,361.359623,407.453000,430.825539,407.453000,EXUS-2,,1658.990000,1665.459835,1658.990000,BOND-2,20.560449,20.556139,TBILL-1
2010-12-31,2114.290324,2114.290000,2114.290000,US-1,390.513408,439.420000,464.866059,439.420000,EXUS-2,,1641.101000,1654.211908,1641.101000,BOND-2,20.562449,20.558194,TBILL-1
2011-01-31,2164.402487,2164.400000,2164.402000,US-1,398.990535,443.820000,467.399296,443.820000,EXUS-2,,1643.007000,1652.803293,1643.007000,BOND-2,20.564450,20.560250,TBILL-1
2011-02-28,2238.552664,2238.550000,2238.553000,US-1,413.879431,455.606000,482.599327,455.606000,EXUS-2,,1647.118000,1657.604844,1647.118000,BOND-2,20.566451,20.562306,TBILL-1
2011-03-31,2239.443119,2239.440000,2239.443000,US-1,405.782480,454.742000,479.749306,454.742000,EXUS-2,,1648.028000,1653.906472,1648.028000,BOND-2,20.568452,20.564362,TBILL-1
2011-04-30,2305.764955,2305.760000,2305.765000,US-1,428.261907,477.304000,503.710284,477.304000,EXUS-2,,1668.951000,1679.831716,1668.951000,BOND-2,20.569453,20.564362,TBILL-1
2011-05-31,2279.665283,2279.660000,2279.665000,US-1,416.150387,464.083000,488.404902,464.083000,EXUS-2,,1690.734000,1700.658626,1690.734000,BOND-2,20.569453,20.564362,TBILL-1
2011-06-30,2241.665001,2241.660000,2241.665000,US-1,410.346754,457.500000,482.288142,457.500000,EXUS-2,,1685.782000,1693.088083,1685.782000,BOND-2,20.570453,20.564362,TBILL-1
2011-07-31,2196.080969,2196.080000,2196.081000,US-1,403.660854,451.402000,469.331435,451.402000,EXUS-2,,1712.533000,1721.643501,1712.533000,BOND-2,20.569453,20.564362,TBILL-1
2011-08-31,2076.786314,2076.780000,2076.786000,US-1,369.592197,412.807000,427.998615,412.807000,EXUS-2,,1737.554000,1747.820790,1737.554000,BOND-2,20.571454,20.566419,TBILL-1
2011-09-30,1930.790081,1930.790000,1930.790000,US-1,332.609099,367.011000,375.315282,367.011000,EXUS-2,,1750.191000,1761.289250,1750.191000,BOND-2,20.571454,20.566419,TBILL-1
2011-10-31,2141.812170,2141.810000,2141.812000,US-1,364.991132,405.712000,417.397703,405.712000,EXUS-2,,1752.075000,1763.516595,1752.075000,BOND-2,20.571454,20.566419,TBILL-1
2011-11-30,2137.079150,2137.080000,2137.079000,US-1,348.226605,385.099000,408.402925,385.099000,EXUS-2,,1750.552000,1757.684405,1750.552000,BOND-2,20.571454,20.566419,TBILL-1
2011-12-31,2158.939238,2158.940000,2158.939000,US-1,344.497708,380.862000,399.739021,380.862000,EXUS-2,,1769.793000,1781.530511,1769.793000,BOND-2,20.571454,20.566419,TBILL-1
2012-01-31,2255.693202,2255.690000,2255.693000,US-1,363.175378,406.785000,424.716051,406.785000,EXUS-2,,1785.325000,1794.457324,1785.325000,BOND-2,20.571454,20.566419,TBILL-1
2012-02-29,2353.234113,2353.230000,2353.234000,US-1,383.255441,429.752000,445.566248,429.752000,EXUS-2,,1784.918000,1794.215405,1784.918000,BOND-2,20.572454,20.566419,TBILL-1
2012-03-31,2430.678830,2430.670000,2430.679000,US-1,380.660579,424.057000,443.394406,424.057000,EXUS-2,,1775.138000,1783.934600,1775.138000,BOND-2,20.573455,20.566419,TBILL-1
2012-04-30,2415.422000,2415.420000,2415.422000,US-1,374.613836,417.750000,436.009932,417.750000,EXUS-2,,1794.822000,1800.097673,1794.822000,BOND-2,20.573455,20.566419,TBILL-1
2012-05-31,2270.253124,2270.250000,2270.253000,US-1,332.355167,370.743000,387.576313,370.743000,EXUS-2,,1811.059000,1819.505290,1811.059000,BOND-2,20.574455,20.568475,TBILL-1
2012-06-30,2363.791953,2363.790000,2363.792000,US-1,354.279120,392.775000,411.466722,392.775000,EXUS-2,,1811.770000,1819.145726,1811.770000,BOND-2,20.575455,20.568475,TBILL-1
2012-07-31,2396.623204,2396.620000,2396.623000,US-1,358.749612,398.444000,412.573123,398.444000,EXUS-2,,1836.762000,1843.924342,1836.762000,BOND-2,20.576456,20.568475,TBILL-1
2012-08-31,2450.601328,2450.600000,2450.601000,US-1,369.041050,406.864000,421.092298,406.864000,EXUS-2,,1837.964000,1843.924711,1837.964000,BOND-2,20.577456,20.570532,TBILL-1
2012-09-30,2513.929933,2513.930000,2513.930000,US-1,380.392941,422.207000,435.807293,422.207000,EXUS-2,,1840.486000,1848.841697,1840.486000,BOND-2,20.578457,20.572589,TBILL-1
2012-10-31,2467.511454,2467.510000,2467.511000,US-1,383.107555,423.900000,438.573265,423.900000,EXUS-2,,1844.106000,1847.968470,1844.106000,BOND-2,20.580458,20.574647,TBILL-1
2012-11-30,2481.825366,2481.820000,2481.825000,US-1,391.219655,432.033000,449.084010,432.033000,EXUS-2,,1847.017000,1852.969043,1847.017000,BOND-2,20.581458,20.576704,TBILL-1
2012-12-31,2504.446877,2504.440000,2504.447000,US-1,403.127742,447.090000,463.356542,447.090000,EXUS-2,,1844.387000,1848.426164,1844.387000,BOND-2,20.583459,20.578762,TBILL-1
2013-01-31,,2634.160000,2634.160000,US-2,423.044049,465.356000,476.411967,465.356000,EXUS-2,,1831.487000,1836.944051,1831.487000,BOND-2,20.610472,20.578762,TBILL-1
2013-02-28,,2669.920000,2669.920000,US-2,418.942911,460.545000,470.769287,460.545000,EXUS-2,,1840.671000,1847.797434,1840.671000,BOND-2,20.618475,20.578762,TBILL-1
2013-03-31,,2770.050000,2770.050000,US-2,422.500837,461.691000,474.199166,461.691000,EXUS-2,,1842.140000,1849.618451,1842.140000,BOND-2,20.628480,20.578762,TBILL-1
2013-04-30,,2823.420000,2823.420000,US-2,442.236795,479.114000,490.795023,479.114000,EXUS-2,,1860.784000,1867.534237,1860.784000,BOND-2,20.645488,20.578762,TBILL-1
2013-05-31,,2889.460000,2889.460000,US-2,432.792997,468.468000,475.747999,468.468000,EXUS-2,,1827.577000,1830.161309,1827.577000,BOND-2,20.661495,20.578762,TBILL-1
2013-06-30,,2850.660000,2850.660000,US-2,416.707304,448.306000,458.131250,448.306000,EXUS-2,,1799.312000,1801.511442,1799.312000,BOND-2,20.672500,20.578762,TBILL-1
2013-07-31,,2995.720000,2995.720000,US-2,438.929915,468.037000,478.950286,468.037000,EXUS-2,,1801.771000,1806.360309,1801.771000,BOND-2,20.676502,20.578762,TBILL-1
2013-08-31,,2908.960000,2908.960000,US-2,433.339815,461.674000,471.297869,461.674000,EXUS-2,,1792.556000,1791.433341,1792.556000,BOND-2,20.682505,20.578762,TBILL-1
2013-09-30,,3000.180000,3000.180000,US-2,464.085000,493.882000,504.383260,493.882000,EXUS-2,,1809.527000,1811.508720,1809.527000,BOND-2,20.686507,20.578762,TBILL-1
2013-10-31,,3138.090000,3138.090000,US-2,479.688800,512.063000,522.163847,512.063000,EXUS-2,,1824.155000,1826.591812,1824.155000,BOND-2,20.694510,20.578762,TBILL-1
2013-11-30,,3233.720000,3233.720000,US-2,482.723714,513.028000,523.176886,513.028000,EXUS-2,,1817.332000,1822.013217,1817.332000,BOND-2,20.698512,20.578762,TBILL-1
2013-12-31,,3315.590000,3315.590000,US-2,490.093498,517.641000,531.872651,517.641000,EXUS-2,,1807.062000,1811.869205,1807.062000,BOND-2,20.721523,20.578762,TBILL-1
2014-01-31,,3200.950000,3200.950000,US-2,470.377739,494.197000,499.620789,494.197000,EXUS-2,,1833.762000,1839.788160,1833.762000,BOND-2,20.732528,20.578762,TBILL-1
2014-02-28,,3347.380000,3347.380000,US-2,496.177753,519.154000,527.998088,519.154000,EXUS-2,,1843.508000,1846.713218,1843.508000,BOND-2,20.736529,20.578762,TBILL-1
2014-03-31,,3375.510000,3375.510000,US-2,494.308616,520.809000,530.733142,520.809000,EXUS-2,,1840.368000,1843.978654,1840.368000,BOND-2,20.740531,20.578762,TBILL-1
2014-04-30,,3400.460000,3400.460000,US-2,502.511612,528.063000,539.622447,528.063000,EXUS-2,,1855.903000,1859.130971,1855.903000,BOND-2,20.750536,20.578762,TBILL-1
2014-05-31,,3480.290000,3480.290000,US-2,510.900007,538.871000,548.739678,538.871000,EXUS-2,,1877.028000,1881.050013,1877.028000,BOND-2,20.761541,20.578762,TBILL-1
2014-06-30,,3552.180000,3552.180000,US-2,518.345537,548.143000,557.648945,548.143000,EXUS-2,,1877.997000,1879.968376,1877.997000,BOND-2,20.765543,20.578762,TBILL-1
2014-07-31,,3503.190000,3503.190000,US-2,509.157835,542.835000,549.055366,542.835000,EXUS-2,,1873.286000,1875.251331,1873.286000,BOND-2,20.771546,20.578762,TBILL-1
2014-08-31,,3643.330000,3643.330000,US-2,509.623136,545.940000,554.861794,545.940000,EXUS-2,,1893.968000,1896.811361,1893.968000,BOND-2,20.775547,20.578762,TBILL-1
2014-09-30,,3592.250000,3592.250000,US-2,488.877224,519.677000,528.152251,519.677000,EXUS-2,,1881.114000,1885.147901,1881.114000,BOND-2,20.779549,20.578762,TBILL-1
2014-10-31,,3679.990000,3679.990000,US-2,481.150349,514.585000,526.991075,514.585000,EXUS-2,,1899.601000,1905.206158,1899.601000,BOND-2,20.786552,20.578762,TBILL-1
2014-11-30,,3778.960000,3778.960000,US-2,487.135773,518.373000,526.526458,518.373000,EXUS-2,,1913.076000,1917.724066,1913.076000,BOND-2,20.788553,20.578762,TBILL-1
2014-12-31,,3769.440000,3769.440000,US-2,471.088315,499.859000,505.054714,499.859000,EXUS-2,,1914.866000,1920.555471,1914.866000,BOND-2,20.792555,20.578762,TBILL-1
2015-01-31,,3656.280000,3656.280000,US-2,469.485372,499.185000,503.293748,499.185000,EXUS-2,,1955.019000,1959.972005,1955.019000,BOND-2,20.800559,20.578762,TBILL-1
2015-02-28,,3866.420000,3866.420000,US-2,497.597461,525.938000,531.234884,525.938000,EXUS-2,,1936.637000,1942.433457,1936.637000,BOND-2,20.806562,20.578762,TBILL-1
2015-03-31,,3805.270000,3805.270000,US-2,489.727028,517.827000,524.777908,517.827000,EXUS-2,,1945.630000,1949.712372,1945.630000,BOND-2,20.810564,20.578762,TBILL-1
2015-04-30,,3841.780000,3841.780000,US-2,511.319860,544.340000,549.901523,544.340000,EXUS-2,,1938.649000,1943.419174,1938.649000,BOND-2,20.815566,20.578762,TBILL-1
2015-05-31,,3891.180000,3891.180000,US-2,507.432977,536.319000,543.679168,536.319000,EXUS-2,,1933.980000,1934.918515,1933.980000,BOND-2,20.819568,20.578762,TBILL-1
2015-06-30,,3815.850000,3815.850000,US-2,493.168088,521.578000,526.483307,521.578000,EXUS-2,,1912.892000,1914.084608,1912.892000,BOND-2,20.823569,20.578762,TBILL-1
2015-07-31,,3895.800000,3895.800000,US-2,501.037078,520.242000,525.291761,520.242000,EXUS-2,,1926.189000,1930.586809,1926.189000,BOND-2,20.825570,20.578762,TBILL-1
2015-08-31,,3660.750000,3660.750000,US-2,464.605127,480.568000,486.204486,480.568000,EXUS-2,,1923.423000,1924.103979,1923.423000,BOND-2,20.825570,20.578762,TBILL-1
2015-09-30,,3570.170000,3570.170000,US-2,441.330000,458.469000,465.350182,458.469000,EXUS-2,,1936.434000,1939.716936,1936.434000,BOND-2,20.831573,20.578762,TBILL-1
2015-10-31,,3871.330000,3871.330000,US-2,474.588529,492.650000,495.857176,492.650000,EXUS-2,,1936.755000,1941.046752,1936.755000,BOND-2,20.838576,20.578762,TBILL-1
2015-11-30,,3882.840000,3882.840000,US-2,467.105486,482.544000,489.422202,482.544000,EXUS-2,,1931.639000,1933.495172,1931.639000,BOND-2,20.838576,20.578762,TBILL-1
2015-12-31,,3821.600000,3821.600000,US-2,458.834679,473.599000,475.745503,473.599000,EXUS-2,,1925.396000,1929.788514,1925.396000,BOND-2,20.840577,20.580820,TBILL-1
2016-01-31,,3631.960000,3631.960000,US-2,427.313993,441.442000,449.321887,441.442000,EXUS-2,,1951.892000,1953.730541,1951.892000,BOND-2,20.854584,20.582878,TBILL-1
2016-02-29,,3627.060000,3627.060000,US-2,421.495932,436.530000,438.272000,436.530000,EXUS-2,,1965.739000,1971.061230,1965.739000,BOND-2,20.890600,20.586994,TBILL-1
2016-03-31,,3873.110000,3873.110000,US-2,450.478025,472.348000,474.184041,472.348000,EXUS-2,,1983.774000,1988.301522,1983.774000,BOND-2,20.936621,20.591112,TBILL-1
2016-04-30,,3888.130000,3888.130000,US-2,465.445553,485.195000,486.194870,485.195000,EXUS-2,,1991.389000,1993.370214,1991.389000,BOND-2,20.988645,20.593171,TBILL-1
2016-05-31,,3957.950000,3957.950000,US-2,460.731951,477.473000,480.309627,477.473000,EXUS-2,,1991.900000,1993.640486,1991.900000,BOND-2,21.040669,20.595230,TBILL-1
2016-06-30,,3968.210000,3968.210000,US-2,446.936691,470.438000,476.543793,470.438000,EXUS-2,,2027.690000,2032.220246,2027.690000,BOND-2,21.080688,20.599349,TBILL-1
2016-07-31,,4114.510000,4114.510000,US-2,468.979673,493.811000,496.359040,493.811000,EXUS-2,,2040.509000,2043.285721,2040.509000,BOND-2,21.127709,20.603469,TBILL-1
2016-08-31,,4120.290000,4120.290000,US-2,469.484651,497.029000,499.906259,497.029000,EXUS-2,,2038.176000,2038.884054,2038.176000,BOND-2,21.173730,20.607590,TBILL-1
2016-09-30,,4121.060000,4121.060000,US-2,475.426791,503.377000,507.367541,503.377000,EXUS-2,,2036.982000,2039.936419,2036.982000,BOND-2,21.228756,20.611711,TBILL-1
2016-10-31,,4045.890000,4045.890000,US-2,466.239811,496.193000,498.438372,496.193000,EXUS-2,,2021.401000,2023.266495,2021.401000,BOND-2,21.283781,20.615834,TBILL-1
2016-11-30,,4195.730000,4195.730000,US-2,458.837564,484.780000,488.286192,484.780000,EXUS-2,,1973.587000,1971.360591,1973.587000,BOND-2,21.322799,20.617895,TBILL-1
2016-12-31,,4278.660000,4278.660000,US-2,473.932780,497.346000,497.346000,497.346000,EXUS-2,,1976.370000,1976.370000,1976.370000,BOND-2,21.373822,20.624080,TBILL-1
2017-01-31,,4359.809899,4359.809899,US-3,,,516.365331,516.365331,EXUS-3,,,1980.575960,1980.575960,BOND-3,,20.632330,TBILL-1
2017-02-28,,4532.930010,4532.930010,US-3,,,522.293360,522.293360,EXUS-3,,,1993.368189,1993.368189,BOND-3,,20.640583,TBILL-1
2017-03-31,,4538.209795,4538.209795,US-3,,,538.719323,538.719323,EXUS-3,,,1992.265747,1992.265747,BOND-3,,20.646775,TBILL-1
2017-04-30,,4584.819657,4584.819657,US-3,,,550.328649,550.328649,EXUS-3,,,2010.336737,2010.336737,BOND-3,,20.657099,TBILL-1
2017-05-31,,4649.339674,4649.339674,US-3,,,567.248442,567.248442,EXUS-3,,,2024.149296,2024.149296,BOND-3,,20.669493,TBILL-1
2017-06-30,,4678.359692,4678.359692,US-3,,,571.311189,571.311189,EXUS-3,,,2023.779974,2023.779974,BOND-3,,20.681895,TBILL-1
2017-07-31,,4774.559884,4774.559884,US-3,,,591.361635,591.361635,EXUS-3,,,2030.539703,2030.539703,BOND-3,,20.696372,TBILL-1
2017-08-31,,4789.180001,4789.180001,US-3,,,593.867910,593.867910,EXUS-3,,,2049.652931,2049.652931,BOND-3,,20.714999,TBILL-1
2017-09-30,,4887.970036,4887.970036,US-3,,,605.898215,605.898215,EXUS-3,,,2037.937552,2037.937552,BOND-3,,20.733642,TBILL-1
2017-10-31,,5002.029602,5002.029602,US-3,,,617.552395,617.552395,EXUS-3,,,2039.931080,2039.931080,BOND-3,,20.752302,TBILL-1
2017-11-30,,5155.439753,5155.439753,US-3,,,620.183984,620.183984,EXUS-3,,,2036.905808,2036.905808,BOND-3,,20.768904,TBILL-1
2017-12-31,,5212.759575,5212.759575,US-3,,,632.627720,632.627720,EXUS-3,,,2046.584762,2046.584762,BOND-3,,20.787596,TBILL-1
2018-01-31,,5511.209760,5511.209760,US-3,,,667.203791,667.203791,EXUS-3,,,2023.559412,2023.559412,BOND-3,,20.810463,TBILL-1
2018-02-28,,5308.089650,5308.089650,US-3,,,633.514289,633.514289,EXUS-3,,,2003.147666,2003.147666,BOND-3,,20.833354,TBILL-1
2018-03-31,,5173.189752,5173.189752,US-3,,,629.334810,629.334810,EXUS-3,,,2016.591640,2016.591640,BOND-3,,20.858354,TBILL-1
2018-04-30,,5193.039849,5193.039849,US-3,,,632.881026,632.881026,EXUS-3,,,1997.614837,1997.614837,BOND-3,,20.887556,TBILL-1
2018-05-31,,5318.099903,5318.099903,US-3,,,621.102323,621.102323,EXUS-3,,,2010.836960,2010.836960,BOND-3,,20.916798,TBILL-1
2018-06-30,,5350.829883,5350.829883,US-3,,,607.524676,607.524676,EXUS-3,,,2012.899343,2012.899343,BOND-3,,20.946082,TBILL-1
2018-07-31,,5549.959758,5549.959758,US-3,,,624.882550,624.882550,EXUS-3,,,2012.311853,2012.311853,BOND-3,,20.979596,TBILL-1
2018-08-31,,5730.799595,5730.799595,US-3,,,610.481874,610.481874,EXUS-3,,,2023.741495,2023.741495,BOND-3,,21.013163,TBILL-1
2018-09-30,,5763.419711,5763.419711,US-3,,,613.181994,613.181994,EXUS-3,,,2011.200390,2011.200390,BOND-3,,21.044683,TBILL-1
2018-10-31,,5369.490038,5369.490038,US-3,,,564.322953,564.322953,EXUS-3,,,1998.246329,1998.246329,BOND-3,,21.084668,TBILL-1
2018-11-30,,5478.909956,5478.909956,US-3,,,572.423189,572.423189,EXUS-3,,,2013.664130,2013.664130,BOND-3,,21.122620,TBILL-1
2018-12-31,,4984.220033,4984.220033,US-3,,,544.388630,544.388630,EXUS-3,,,2053.558610,2053.558610,BOND-3,,21.162753,TBILL-1
2019-01-31,,5383.629686,5383.629686,US-3,,,585.386317,585.386317,EXUS-3,,,2072.264589,2072.264589,BOND-3,,21.207195,TBILL-1
2019-02-28,,5556.490031,5556.490031,US-3,,,594.597944,594.597944,EXUS-3,,,2069.905975,2069.905975,BOND-3,,21.245368,TBILL-1
2019-03-31,,5664.459754,5664.459754,US-3,,,600.306324,600.306324,EXUS-3,,,2113.841637,2113.841637,BOND-3,,21.285734,TBILL-1
2019-04-30,,5893.809843,5893.809843,US-3,,,617.172680,617.172680,EXUS-3,,,2109.605852,2109.605852,BOND-3,,21.330434,TBILL-1
2019-05-31,,5519.269818,5519.269818,US-3,,,582.532157,582.532157,EXUS-3,,,2149.917153,2149.917153,BOND-3,,21.375228,TBILL-1
2019-06-30,,5908.249784,5908.249784,US-3,,,617.214553,617.214553,EXUS-3,,,2173.536253,2173.536253,BOND-3,,21.413703,TBILL-1
2019-07-31,,5993.169703,5993.169703,US-3,,,606.522958,606.522958,EXUS-3,,,2177.487590,2177.487590,BOND-3,,21.454389,TBILL-1
2019-08-31,,5898.229765,5898.229765,US-3,,,592.003358,592.003358,EXUS-3,,,2238.082866,2238.082866,BOND-3,,21.488716,TBILL-1
2019-09-30,,6008.589624,6008.589624,US-3,,,607.842860,607.842860,EXUS-3,,,2224.383165,2224.383165,BOND-3,,21.527396,TBILL-1
2019-10-31,,6138.729756,6138.729756,US-3,,,626.586367,626.586367,EXUS-3,,,2229.012206,2229.012206,BOND-3,,21.559687,TBILL-1
2019-11-30,,6361.559826,6361.559826,US-3,,,632.790099,632.790099,EXUS-3,,,2228.242448,2228.242448,BOND-3,,21.585559,TBILL-1
2019-12-31,,6553.569585,6553.569585,US-3,,,658.992057,658.992057,EXUS-3,,,2227.200026,2227.200026,BOND-3,,21.615779,TBILL-1
2020-01-31,,6550.999761,6550.999761,US-3,,,636.453168,636.453168,EXUS-3,,,2272.390939,2272.390939,BOND-3,,21.643879,TBILL-1
2020-02-29,,6011.729761,6011.729761,US-3,,,594.058711,594.058711,EXUS-3,,,2308.401281,2308.401281,BOND-3,,21.669852,TBILL-1
2020-03-31,,5269.200003,5269.200003,US-3,,,505.110950,505.110950,EXUS-3,,,2296.239991,2296.239991,BOND-3,,21.695856,TBILL-1
2020-04-30,,5944.679959,5944.679959,US-3,,,537.309224,537.309224,EXUS-3,,,2335.713414,2335.713414,BOND-3,,21.695856,TBILL-1
2020-05-31,,6227.809831,6227.809831,US-3,,,561.994576,561.994576,EXUS-3,,,2351.423212,2351.423212,BOND-3,,21.698025,TBILL-1
2020-06-30,,6351.669690,6351.669690,US-3,,,586.945283,586.945283,EXUS-3,,,2366.920732,2366.920732,BOND-3,,21.700195,TBILL-1
2020-07-31,,6709.809814,6709.809814,US-3,,,610.564220,610.564220,EXUS-3,,,2398.476936,2398.476936,BOND-3,,21.702365,TBILL-1
2020-08-31,,7192.109601,7192.109601,US-3,,,635.947835,635.947835,EXUS-3,,,2378.722090,2378.722090,BOND-3,,21.704535,TBILL-1
2020-09-30,,6918.829825,6918.829825,US-3,,,624.274179,624.274179,EXUS-3,,,2376.407845,2376.407845,BOND-3,,21.706706,TBILL-1
2020-10-31,,6734.839598,6734.839598,US-3,,,611.514450,611.514450,EXUS-3,,,2363.139695,2363.139695,BOND-3,,21.708876,TBILL-1
2020-11-30,,7472.059786,7472.059786,US-3,,,688.615587,688.615587,EXUS-3,,,2391.657740,2391.657740,BOND-3,,21.711047,TBILL-1
2020-12-31,,7759.349814,7759.349814,US-3,,,726.789727,726.789727,EXUS-3,,,2393.707788,2393.707788,BOND-3,,21.713218,TBILL-1
2021-01-31,,7681.009485,7681.009485,US-3,,,728.845080,728.845080,EXUS-3,,,2375.885345,2375.885345,BOND-3,,21.713218,TBILL-1
2021-02-28,,7892.809770,7892.809770,US-3,,,743.232914,743.232914,EXUS-3,,,2339.816457,2339.816457,BOND-3,,21.713218,TBILL-1
2021-03-31,,8238.480168,8238.480168,US-3,,,756.113514,756.113514,EXUS-3,,,2312.994052,2312.994052,BOND-3,,21.713218,TBILL-1
2021-04-30,,8678.159839,8678.159839,US-3,,,775.434170,775.434170,EXUS-3,,,2329.926147,2329.926147,BOND-3,,21.713218,TBILL-1
2021-05-31,,8738.769212,8738.769212,US-3,,,799.413894,799.413894,EXUS-3,,,2334.675226,2334.675226,BOND-3,,21.713218,TBILL-1
2021-06-30,,8942.779947,8942.779947,US-3,,,796.390235,796.390235,EXUS-3,,,2354.004782,2354.004782,BOND-3,,21.713218,TBILL-1
2021-07-31,,9155.209627,9155.209627,US-3,,,783.234846,783.234846,EXUS-3,,,2380.288485,2380.288485,BOND-3,,21.713218,TBILL-1
2021-08-31,,9433.579734,9433.579734,US-3,,,794.590014,794.590014,EXUS-3,,,2375.519153,2375.519153,BOND-3,,21.713218,TBILL-1
2021-09-30,,8994.829750,8994.829750,US-3,,,767.309773,767.309773,EXUS-3,,,2353.730828,2353.730828,BOND-3,,21.713218,TBILL-1
2021-10-31,,9625.019180,9625.019180,US-3,,,790.297211,790.297211,EXUS-3,,,2353.524995,2353.524995,BOND-3,,21.713218,TBILL-1
2021-11-30,,9558.329729,9558.329729,US-3,,,757.200865,757.200865,EXUS-3,,,2359.899385,2359.899385,BOND-3,,21.713218,TBILL-1
2021-12-31,,9986.699831,9986.699831,US-3,,,782.528609,782.528609,EXUS-3,,,2351.434258,2351.434258,BOND-3,,21.715390,TBILL-1
2022-01-31,,9469.919576,9469.919576,US-3,,,762.543224,762.543224,EXUS-3,,,2304.438713,2304.438713,BOND-3,,21.715390,TBILL-1
2022-02-28,,9186.369782,9186.369782,US-3,,,737.068743,737.068743,EXUS-3,,,2278.037180,2278.037180,BOND-3,,21.715390,TBILL-1
2022-03-31,,9527.459613,9527.459613,US-3,,,735.661321,735.661321,EXUS-3,,,2213.974405,2213.974405,BOND-3,,21.715390,TBILL-1
2022-04-30,,8696.650073,8696.650073,US-3,,,686.401325,686.401325,EXUS-3,,,2129.714002,2129.714002,BOND-3,,21.715390,TBILL-1
2022-05-31,,8712.599291,8712.599291,US-3,,,698.786878,698.786878,EXUS-3,,,2145.910398,2145.910398,BOND-3,,21.721904,TBILL-1
2022-06-30,,7993.429884,7993.429884,US-3,,,644.252931,644.252931,EXUS-3,,,2112.585648,2112.585648,BOND-3,,21.734937,TBILL-1
2022-07-31,,8730.459642,8730.459642,US-3,,,666.014254,666.014254,EXUS-3,,,2166.204314,2166.204314,BOND-3,,21.752325,TBILL-1
2022-08-31,,8374.419616,8374.419616,US-3,,,633.801556,633.801556,EXUS-3,,,2100.302111,2100.302111,BOND-3,,21.793655,TBILL-1
2022-09-30,,7603.139859,7603.139859,US-3,,,572.812337,572.812337,EXUS-3,,,2013.244179,2013.244179,BOND-3,,21.835063,TBILL-1
2022-10-31,,8218.699895,8218.699895,US-3,,,592.998930,592.998930,EXUS-3,,,1987.505069,1987.505069,BOND-3,,21.885283,TBILL-1
2022-11-30,,8677.999683,8677.999683,US-3,,,672.313599,672.313599,EXUS-3,,,2063.198349,2063.198349,BOND-3,,21.948751,TBILL-1
2022-12-31,,8178.019721,8178.019721,US-3,,,656.785951,656.785951,EXUS-3,,,2045.238561,2045.238561,BOND-3,,22.021182,TBILL-1
2023-01-31,,8691.879565,8691.879565,US-3,,,715.391530,715.391530,EXUS-3,,,2113.350251,2113.350251,BOND-3,,22.098256,TBILL-1
2023-02-28,,8479.799495,8479.799495,US-3,,,683.057352,683.057352,EXUS-3,,,2057.015063,2057.015063,BOND-3,,22.173390,TBILL-1
2023-03-31,,8791.129562,8791.129562,US-3,,,703.987916,703.987916,EXUS-3,,,2111.345677,2111.345677,BOND-3,,22.253214,TBILL-1
2023-04-30,,8928.349283,8928.349283,US-3,,,717.123708,717.123708,EXUS-3,,,2123.497393,2123.497393,BOND-3,,22.331100,TBILL-1
2023-05-31,,8967.159829,8967.159829,US-3,,,690.274792,690.274792,EXUS-3,,,2099.197828,2099.197828,BOND-3,,22.411492,TBILL-1
2023-06-30,,9559.669573,9559.669573,US-3,,,722.118001,722.118001,EXUS-3,,,2091.468215,2091.468215,BOND-3,,22.501138,TBILL-1
2023-07-31,,9866.769171,9866.769171,US-3,,,750.433495,750.433495,EXUS-3,,,2091.146393,2091.146393,BOND-3,,22.602393,TBILL-1
2023-08-31,,9709.679333,9709.679333,US-3,,,714.782368,714.782368,EXUS-3,,,2077.944890,2077.944890,BOND-3,,22.704104,TBILL-1
2023-09-30,,9246.739897,9246.739897,US-3,,,689.694539,689.694539,EXUS-3,,,2024.134935,2024.134935,BOND-3,,22.801732,TBILL-1
2023-10-31,,9052.309240,9052.309240,US-3,,,668.127790,668.127790,EXUS-3,,,1992.342705,1992.342705,BOND-3,,22.908900,TBILL-1
2023-11-30,,9879.019170,9879.019170,US-3,,,723.438390,723.438390,EXUS-3,,,2083.849251,2083.849251,BOND-3,,23.009699,TBILL-1
2023-12-31,,10327.829701,10327.829701,US-3,,,759.451948,759.451948,EXUS-3,,,2160.902725,2160.902725,BOND-3,,23.108641,TBILL-1
2024-01-31,,10501.379499,10501.379499,US-3,,,746.357907,746.357907,EXUS-3,,,2157.636639,2157.636639,BOND-3,,23.217251,TBILL-1
2024-02-29,,11062.109948,11062.109948,US-3,,,768.974821,768.974821,EXUS-3,,,2125.820475,2125.820475,BOND-3,,23.314764,TBILL-1
2024-03-31,,11418.029856,11418.029856,US-3,,,794.418871,794.418871,EXUS-3,,,2145.006057,2145.006057,BOND-3,,23.415017,TBILL-1
2024-04-30,,10951.659756,10951.659756,US-3,,,775.075453,775.075453,EXUS-3,,,2091.848215,2091.848215,BOND-3,,23.525068,TBILL-1
2024-05-31,,11494.699776,11494.699776,US-3,,,805.727359,805.727359,EXUS-3,,,2126.772316,2126.772316,BOND-3,,23.628578,TBILL-1
2024-06-30,,11907.149956,11907.149956,US-3,,,802.125090,802.125090,EXUS-3,,,2145.604594,2145.604594,BOND-3,,23.725455,TBILL-1
2024-07-31,,12052.089404,12052.089404,US-3,,,819.487103,819.487103,EXUS-3,,,2197.510314,2197.510314,BOND-3,,23.832220,TBILL-1
2024-08-31,,12344.429237,12344.429237,US-3,,,841.680299,841.680299,EXUS-3,,,2229.626208,2229.626208,BOND-3,,23.946614,TBILL-1
2024-09-30,,12608.069852,12608.069852,US-3,,,863.873495,863.873495,EXUS-3,,,2259.342983,2259.342983,BOND-3,,24.042401,TBILL-1
2024-10-31,,12493.739778,12493.739778,US-3,,,823.714479,823.714479,EXUS-3,,,2202.435954,2202.435954,BOND-3,,24.136166,TBILL-1
2024-11-30,,13227.129400,13227.129400,US-3,,,821.449763,821.449763,EXUS-3,,,2226.904531,2226.904531,BOND-3,,24.232711,TBILL-1
2024-12-31,,12911.819841,12911.819841,US-3,,,798.742288,798.742288,EXUS-3,,,2189.194132,2189.194132,BOND-3,,24.322372,TBILL-1
2025-01-31,,13271.379398,13271.379398,US-3,,,826.612459,826.612459,EXUS-3,,,2200.490295,2200.490295,BOND-3,,24.412365,TBILL-1
2025-02-28,,13098.219248,13098.219248,US-3,,,847.132391,847.132391,EXUS-3,,,2249.723680,2249.723680,BOND-3,,24.492926,TBILL-1
2025-03-31,,12360.209510,12360.209510,US-3,,,849.123048,849.123048,EXUS-3,,,2249.132508,2249.132508,BOND-3,,24.576202,TBILL-1
2025-04-30,,12276.389200,12276.389200,US-3,,,872.093080,872.093080,EXUS-3,,,2258.827295,2258.827295,BOND-3,,24.662218,TBILL-1
2025-05-31,,13049.129406,13049.129406,US-3,,,910.835727,910.835727,EXUS-3,,,2245.119126,2245.119126,BOND-3,,24.755935,TBILL-1
2025-06-30,,13712.709460,13712.709460,US-3,,,946.458919,946.458919,EXUS-3,,,2277.793789,2277.793789,BOND-3,,24.840105,TBILL-1
2025-07-31,,14020.459449,14020.459449,US-3,,,935.897811,935.897811,EXUS-3,,,2271.781356,2271.781356,BOND-3,,24.924561,TBILL-1
2025-08-31,,14304.679165,14304.679165,US-3,,,974.414784,974.414784,EXUS-3,,,2298.823218,2298.823218,BOND-3,,25.019275,TBILL-1
2025-09-30,,14826.799263,14826.799263,US-3,,,1009.670130,1009.670130,EXUS-3,,,2324.726001,2324.726001,BOND-3,,25.101838,TBILL-1
2025-10-31,,15173.949641,15173.949641,US-3,,,1030.481588,1030.481588,EXUS-3,,,2339.033812,2339.033812,BOND-3,,25.194715,TBILL-1
2025-11-30,,15211.139093,15211.139093,US-3,,,1032.655925,1032.655925,EXUS-3,,,2353.201516,2353.201516,BOND-3,,25.270299,TBILL-1
2025-12-31,,15220.449639,15220.449639,US-3,,,1059.088913,1059.088913,EXUS-3,,,2346.636574,2346.636574,BOND-3,,25.356218,TBILL-1
2026-01-31,,15441.149827,15441.149827,US-3,,,1116.673846,1116.673846,EXUS-3,,,2352.510005,2352.510005,BOND-3,,25.432287,TBILL-1
2026-02-28,,15323.799245,15323.799245,US-3,,,1174.574284,1174.574284,EXUS-3,,,2390.106257,2390.106257,BOND-3,,25.503497,TBILL-1
2026-03-31,,14560.749468,14560.749468,US-3,,,1080.229754,1080.229754,EXUS-3,,,2347.214491,2347.214491,BOND-3,,25.577457,TBILL-1
2026-04-30,,16088.558983,16088.558983,US-3,,,1161.637448,1161.637448,EXUS-3,,,2351.176506,2351.176506,BOND-3,,25.651632,TBILL-1
2026-05-31,,16935.348991,16935.348991,US-3,,,1206.916556,1206.916556,EXUS-3,,,2358.079840,2358.079840,BOND-3,,25.731152,TBILL-1
2026-06-30,,16774.069700,16774.069700,US-3,,,1214.294671,1214.294671,EXUS-3,,,2364.075151,2364.075151,BOND-3,,25.805772,TBILL-1
2026-07-31,,16763.419310,16763.419310,US-3,,,1200.573817,1200.573817,EXUS-3,,,2333.424393,2333.424393,BOND-3,,25.890931,TBILL-1
